,Group,Generalization Index
0,g1c,-3.8907535461513323
1,g1c,-2.8969984964006326
2,g1c,-1.328264441588063
3,g1c,-4.297374480878011
4,g1c,-3.0108027995817634
5,g1c,-3.958384243598439
6,g1c,-3.0347515074554217
7,g1c,-3.6236992459822863
8,g1c,-4.706075677916157
9,g1c,-2.848206387726339
10,g1c,-1.688108327949535
11,g1c,-3.5060548856042666
12,g1c,-3.613146539448274
13,g1c,-2.669728008359439
14,g1c,-2.174317035791376
15,g1c,-2.6334501278742355
16,g1c,-2.930091403651989
17,g1c,-3.2670296397955014
18,g1c,-3.60534315143693
19,g1c,-3.8294949930121676
20,g1c,-3.5139749696249307
21,g1c,0.12993100907932417
22,g1c,-1.4193345227150562
23,g1c,-2.4530517426638783
24,g1c,-3.5769681958001747
25,g1c,-3.535868198493829
26,g1c,-1.9545020486068305
27,g1c,-2.3163830239572083
28,g1c,-4.456572910967571
29,g1c,-1.175701854999605
30,g1c,-2.442689679359618
31,g1c,-2.2269021966224316
32,g1c,-3.9286422148369184
33,g1c,-2.001625179629232
34,g1c,-1.266814573582125
35,g1c,-2.312410925337208
36,g1c,-4.881527374268126
37,g1c,-4.700129444090545
38,g1c,-2.5671536882046055
39,g1c,-2.243244195572937
40,g1c,-2.0687180949018273
41,g1c,-2.294240102284206
42,g1c,-3.382016279971514
43,g1c,-3.571708377386944
44,g1c,-3.0322898969952075
45,g1c,-1.613379649527133
46,g1c,-2.538841651262965
47,g1c,-0.5518924104081634
48,g1c,-2.9915949087063285
49,g1c,-0.3976589411413719
50,g1c,-2.7724579736762043
51,g1c,-4.673203976668339
52,g1c,-3.285020691543241
53,g1c,-2.698429539480042
54,g1c,-3.0230314048573663
55,g1c,-3.1495086764134825
56,g1c,-0.9590311436324482
57,g1c,-4.353075065056906
58,g1c,-3.350477389480538
59,g1c,-3.3471401680098505
60,g1c,-3.216586249300665
61,g1c,-3.7798247217724334
62,g1c,-3.999124969510724
63,g1c,-2.2513238962378845
64,g1c,-3.818955926541834
65,g1c,-2.235566788455355
66,g1c,-3.7404350543294873
67,g1c,-3.099576801762103
68,g1c,-2.6647012558399856
69,g1c,-3.3646624373010896
70,g1c,-1.2051848906926288
71,g1c,-1.995834514486618
72,g1c,-4.45152261003664
73,g1c,-1.9490486187162697
74,g1c,-2.3061403164341843
75,g1c,-3.6929026600625026
76,g1c,-2.81797299188312
77,g1c,-3.181917642524946
78,g1c,-4.356257883174015
79,g1c,-4.594149329167449
80,g1c,-3.6658883708344048
81,g1c,-2.9100113274392685
82,g1c,-0.6412027821481598
83,g1c,-1.2193979261635484
84,g1c,-1.2054077510979329
85,g1c,-3.922810781747372
86,g1c,-2.671774931780376
87,g1c,-2.210187387117258
88,g1c,-1.7245885735924604
89,g1c,-2.368797949154134
90,g1c,-2.4050242994515725
91,g1c,-2.684623889101693
92,g1c,-3.4283113981472315
93,g1c,-2.5036557742892604
94,g1c,-3.9789034785069624
95,g1c,-4.573636328326705
96,g1c,-2.1614834701349586
97,g1c,-2.635690250126546
98,g1c,-3.5391473530453914
99,g1c,-2.150670589457866
100,g1c,-4.25194691616741
101,g1c,-2.7426024619133176
102,g1c,-2.25857734199674
103,g1c,-3.0478763158018887
104,g1c,-4.227126256924164
105,g1c,-1.9445759917686734
106,g1c,-1.2589105760650114
107,g1c,-2.3210974537529574
108,g1c,-2.28739453209562
109,g1c,-6.043453300924967
110,g1c,-3.6113281287374113
111,g1c,-2.267041050527571
112,g1c,-4.244826885612472
113,g1c,-1.9924773523992572
114,g1c,-1.829091012139835
115,g1c,-2.7537926947470446
116,g1c,-3.813474511616772
117,g1c,-0.059836540275157134
118,g1c,-0.9566760507254899
119,g1c,-5.6762560086886
120,g1c,-0.9993280635625502
121,g1c,-1.515003337666093
122,g1c,-2.9374038588979103
123,g1c,0.3020164913168168
124,g1c,-2.5360630567544518
125,g1c,-1.6452437864067728
126,g1c,-2.4516723721775504
127,g1c,-2.9722027652777383
128,g1c,-3.4464621292568145
129,g1c,-1.9641356043232714
130,g1c,-4.32294186924975
131,g1c,-5.673788391634031
132,g1c,-2.9068086310776327
133,g1c,-1.023684041090772
134,g1c,-4.753242169997997
135,g1c,-0.9673160863078774
136,g1c,-1.382667963184326
137,g1c,-2.9023932215666637
138,g1c,-1.8819319542408277
139,g1c,-3.255051303915943
140,g1c,-1.4188196278817593
141,g1c,-3.6115555124571372
142,g1c,-3.4835444363563113
143,g1c,-2.1241300589304335
144,g1c,-2.670929672378397
145,g1c,-2.011488110008041
146,g1c,-0.7355741390141896
147,g1c,-2.8570377465849215
148,g1c,-4.31021292275216
149,g1c,-1.39619504116029
150,g1c,-3.3118378184446
151,g1c,-3.523734326263362
152,g1c,-1.9331070540413298
153,g1c,-3.3301153501587004
154,g1c,-4.337575316034333
155,g1c,-1.0915064641015018
156,g1c,-2.738755065414197
157,g1c,-2.470910420962926
158,g1c,-3.0723817086701524
159,g1c,-2.0076871345699407
160,g1c,-1.6527703542543342
161,g1c,-3.3036951184332723
162,g1c,-5.009250013500453
163,g1c,-4.201882871015394
164,g1c,-1.6642765461783866
165,g1c,-1.5870158880600425
166,g1c,-1.5670571382840945
167,g1c,-1.8962651380187636
168,g1c,-2.848656506887709
169,g1c,-3.6178691319393055
170,g1c,-3.716763183888236
171,g1c,-2.43932601350502
172,g1c,-2.8351276090762463
173,g1c,-2.373146966486959
174,g1c,-1.8850307457810351
175,g1c,-3.4339999461436097
176,g1c,-3.2837828606096724
177,g1c,-1.6909959467431328
178,g1c,-2.7113293656789015
179,g1c,-2.2638276334516894
180,g1c,-2.314242499270541
181,g1c,-1.4235481937167924
182,g1c,-3.5174903820427907
183,g1c,-3.386493062751159
184,g1c,-3.1197081055645475
185,g1c,-4.28796198699304
186,g1c,-4.380517997753654
187,g1c,-2.1233086459722386
188,g1c,-0.9885495808145396
189,g1c,-4.592947703782547
190,g1c,-0.41532809433111817
191,g1c,-0.7139572593097623
192,g1c,-0.18588487528143885
193,g1c,-2.1365727267246135
194,g1c,-3.7732079029717513
195,g1c,-1.578185529960106
196,g1c,-1.2198110628695866
197,g1c,-3.1097864593040736
198,g1c,-3.2873230494815266
199,g1c,-2.7391611165815837
200,g1c,-3.0896643912707824
201,g1c,-3.5860033118289523
202,g1c,-3.075174581007053
203,g1c,-2.561110363810922
204,g1c,-2.9995927286687047
205,g1c,-0.252300991007694
206,g1c,-1.6256260961532016
207,g1c,-0.7469515087935186
208,g1c,-2.3815241666412374
209,g1c,-2.541332846356522
210,g1c,-3.315447290529373
211,g1c,-3.0259838253620925
212,g1c,-3.0483500080683945
213,g1c,-1.5333651349782804
214,g1c,-3.133519147753004
215,g1c,-3.1654537185377145
216,g1c,-1.3205350600350907
217,g1c,-3.4473723553335756
218,g1c,-2.6044727614851504
219,g1c,-1.622856585633384
220,g1c,-3.51003343842809
221,g1c,-3.221212771285312
222,g1c,-2.130420917046982
223,g1c,-3.994251613066754
224,g1c,-3.649048312513064
225,g1c,-3.513821110457346
226,g1c,-3.345254740956979
227,g1c,-2.4174744375990747
228,g1c,-4.888759696858658
229,g1c,-3.9842111067989565
230,g1c,-3.1850929893745565
231,g1c,-4.4454793675800195
232,g1c,-1.8181952875536993
233,g1c,-6.065003574042818
234,g1c,-2.2972062650920693
235,g1c,-3.201000114084486
236,g1c,-2.9745769762260403
237,g1c,-4.581850315794288
238,g1c,-3.0950642582619623
239,g1c,-2.6421211115886396
240,g1c,0.1424771178883059
241,g1c,-1.523046591561522
242,g1c,-2.731788129036459
243,g1c,-2.2081486561869674
244,g1c,-2.257033451624507
245,g1c,-2.1956523694556345
246,g1c,-4.596900811518931
247,g1c,-1.9178406808126014
248,g1c,-1.8162708232005977
249,g1c,-0.6889002747346391
250,g1c,-4.193298923240905
251,g1c,-2.1596646667020702
252,g1c,-2.4597217413900814
253,g1c,-4.49419055032577
254,g1c,0.5051664986639767
255,g1c,-3.973881520931851
256,g1c,-2.82673960024083
257,g1c,-2.1254256692206774
258,g1c,-1.7232279787214366
259,g1c,-2.0537129037925137
260,g1c,-2.675031193985729
261,g1c,-1.9241596283880231
262,g1c,-5.194297428852524
263,g1c,-3.112701483135114
264,g1c,-2.1975507345571037
265,g1c,-2.674845102102586
266,g1c,-2.0789967633068875
267,g1c,-3.557623510222009
268,g1c,-4.729882320057491
269,g1c,-1.4410847142916838
270,g1c,-5.1367726437370695
271,g1c,-2.2568039798024686
272,g1c,-3.056626960693655
273,g1c,-3.977759581598205
274,g1c,-3.383904594131974
275,g1c,-2.024079872949523
276,g1c,-3.7899209199190507
277,g1c,-4.120969404254723
278,g1c,-2.088114870259452
279,g1c,-3.692613792198667
280,g1c,-3.360153236595868
281,g1c,-3.6048081519445248
282,g1c,0.2228885572616767
283,g1c,-2.638050454284444
284,g1c,-3.2280084513168092
285,g1c,-1.4332310592363051
286,g1c,-3.7548523280433743
287,g1c,-2.455912999759168
288,g1c,-3.1737446534926703
289,g1c,-2.5922787543210406
290,g1c,-3.4057676978842983
291,g1c,-3.635745883030023
292,g1c,-2.766848756770864
293,g1c,-1.944401691570894
294,g1c,-4.0217939821470265
295,g1c,-1.9002776977316265
296,g1c,-4.292419230334626
297,g1c,-1.4265446761629041
298,g1c,-1.2910527462677994
299,g1c,-3.327914245699674
300,g1c,-2.194816055606323
301,g1c,-2.7546931542741797
302,g1c,-4.350675765810817
303,g1c,-4.269752333697171
304,g1c,-2.990018470958916
305,g1c,-1.7453379836856475
306,g1c,-3.7106689461577083
307,g1c,-2.915381697470834
308,g1c,-2.58783012652182
309,g1c,-2.952781009643023
310,g1c,-5.105922703270968
311,g1c,-2.544701030078749
312,g1c,-2.4149329862460083
313,g1c,-3.2035108198623767
314,g1c,-3.9242587271679175
315,g1c,-3.471983861088856
316,g1c,-2.5063294893160446
317,g1c,-3.4964842817635358
318,g1c,-5.744599988447071
319,g1c,-4.69105307151366
320,g1c,-2.284770902356198
321,g1c,-3.6852357531116784
322,g1c,-3.53163846939404
323,g1c,-2.8938162917212513
324,g1c,-1.9222023109419593
325,g1c,-1.4592408054456154
326,g1c,-3.1571804717754492
327,g1c,-1.9713364522637453
328,g1c,-3.660559687384337
329,g1c,-2.138272350832578
330,g1c,-3.102987356466638
331,g1c,-4.070312085500626
332,g1c,-0.3840906608485645
333,g1c,-2.7305550320995686
334,g1c,-2.6459907096548516
335,g1c,-2.5213155348960328
336,g1c,-3.7212330798139166
337,g1c,-1.035365903456206
338,g1c,-5.025138702046611
339,g1c,-2.4517564210116873
340,g1c,-1.5148579725056732
341,g1c,-2.3571584772226672
342,g1c,-2.9854865083765545
343,g1c,-4.457287799666951
344,g1c,-3.4153263096663933
345,g1c,-2.5190306079354534
346,g1c,-2.715779294641518
347,g1c,-2.011173668350819
348,g1c,-2.8812548206071313
349,g1c,-2.1020662003680988
350,g1c,-3.5538797637568185
351,g1c,-2.826275290924539
352,g1c,-3.4748825024462593
353,g1c,-2.8283346946620407
354,g1c,-2.6079508339127226
355,g1c,-3.7412957822375223
356,g1c,-3.9343071627454993
357,g1c,-1.4782609550128651
358,g1c,-3.968952873483872
359,g1c,-5.364407392372546
360,g1c,-3.1037659020603487
361,g1c,-3.09176591199147
362,g1c,-3.6809503030843596
363,g1c,-3.2299701736855932
364,g1c,-1.8270256901637514
365,g1c,-4.713946743651542
366,g1c,-4.572193647403687
367,g1c,-5.058237984709256
368,g1c,-2.79864339514891
369,g1c,-0.3432144178904638
370,g1c,-2.5498011753832626
371,g1c,-2.9762806820552283
372,g1c,-2.9111926477573675
373,g1c,-1.3950252886712944
374,g1c,-3.4783201622090334
375,g1c,-1.91351449941566
376,g1c,-0.9160789885579298
377,g1c,-3.170358312876971
378,g1c,-2.8686243355325733
379,g1c,-3.134775544084777
380,g1c,-3.684113541664994
381,g1c,-0.7031928907167705
382,g1c,-3.8246061991340734
383,g1c,-3.7434691528985264
384,g1c,-5.4664552187962
385,g1c,-4.145112862062244
386,g1c,-0.7288390465708963
387,g1c,-1.5800167142322448
388,g1c,-2.8483265729592304
389,g1c,-5.426963219527315
390,g1c,-3.4622025605510767
391,g1c,-2.9617034349353193
392,g1c,-3.744319543593221
393,g1c,-2.858360035589944
394,g1c,-2.9342494767660074
395,g1c,-3.506133580609654
396,g1c,-4.8509352614891865
397,g1c,-1.9940119248532688
398,g1c,-0.09689179631663772
399,g1c,-2.6334548804350857
400,g1c,-0.3568825446264243
401,g1c,-2.856951977791493
402,g1c,-1.6767853316264996
403,g1c,-3.0345529257374313
404,g1c,-3.531156378705595
405,g1c,-4.156955972046884
406,g1c,-4.380207795550801
407,g1c,-0.6102431411058504
408,g1c,-3.908777151453423
409,g1c,-1.9357754769383735
410,g1c,-3.15169133252338
411,g1c,-3.2736993888689185
412,g1c,-3.2460409051878267
413,g1c,-3.8569950564714524
414,g1c,-1.3779846215921583
415,g1c,-1.865508268888341
416,g1c,-2.8267571821439965
417,g1c,-0.7061114084003242
418,g1c,-5.336497245927517
419,g1c,-1.7460177774137364
420,g1c,-0.8704640992121302
421,g1c,-2.317605401520749
422,g1c,-5.036054049626608
423,g1c,-3.7516705103794665
424,g1c,-2.7554469667474613
425,g1c,-3.44542286556206
426,g1c,-1.9027961910339934
427,g1c,-1.7534050106125219
428,g1c,-2.3857688590384476
429,g1c,-2.8945410777869776
430,g1c,-2.005600387818016
431,g1c,-4.234104965615871
432,g1c,-2.068941196328141
433,g1c,-2.823121081787211
434,g1c,-3.005486565631716
435,g1c,-1.9626869452243834
436,g1c,-3.670441437357373
437,g1c,-2.8855283335177804
438,g1c,-2.152116458246705
439,g1c,-4.422062462451132
440,g1c,-5.191939539282185
441,g1c,-2.787464114875078
442,g1c,-3.3977019224964833
443,g1c,-2.554169679857857
444,g1c,-0.8592780388577241
445,g1c,-0.7840150263397018
446,g1c,-1.2206451319594331
447,g1c,-2.983414504405134
448,g1c,-3.413156908334596
449,g1c,-4.451574367817306
450,g1c,-3.0748131175318485
451,g1c,-3.060751796510001
452,g1c,-4.995915745633352
453,g1c,-3.544697064754375
454,g1c,-2.8564267269815105
455,g1c,-4.844081321402189
456,g1c,-2.7918972567157567
457,g1c,-3.350669343005634
458,g1c,-2.397410098642699
459,g1c,-2.639383135319229
460,g1c,-3.817842777344684
461,g1c,-3.0665058101645357
462,g1c,-4.212801142706696
463,g1c,-2.07244410393665
464,g1c,-4.403763039908804
465,g1c,-3.373271928904571
466,g1c,-2.6388366354153776
467,g1c,-3.6788271881025905
468,g1c,-4.979932481735634
469,g1c,-1.3211772611874337
470,g1c,-3.545605117062619
471,g1c,-3.125624602900528
472,g1c,-3.8474637525822266
473,g1c,-2.472231514794846
474,g1c,-3.0187298044389523
475,g1c,-2.787747668218208
476,g1c,-2.4164703647993035
477,g1c,-3.6862185276602637
478,g1c,-2.9070461342795157
479,g1c,-2.3340893654821437
480,g1c,-2.2791300386903566
481,g1c,-1.0776007580409452
482,g1c,-1.9456362381225527
483,g1c,-0.444270025023752
484,g1c,-4.316311875474387
485,g1c,-3.7335794042231685
486,g1c,-5.192352370568029
487,g1c,-3.4535288909580792
488,g1c,-4.3241183342713585
489,g1c,-5.725915787291562
490,g1c,-2.269876494100938
491,g1c,-3.729838264924571
492,g1c,-1.4189859292898521
493,g1c,-3.2265862425070915
494,g1c,-3.999489220417379
495,g1c,-2.6442808339981805
496,g1c,-4.334794023535895
497,g1c,-2.558997963161686
498,g1c,-1.6551734890959093
499,g1c,-2.239284764637833
500,g1c,-4.190906763085411
501,g1c,-1.7288149982767684
502,g1c,-2.269651326402736
503,g1c,-3.4508850829949287
504,g1c,-3.119462982071001
505,g1c,-4.391816241849166
506,g1c,-2.0086126222966327
507,g1c,-1.9975843871114274
508,g1c,-2.196659910014404
509,g1c,-1.6151952622856935
510,g1c,-4.747250712609249
511,g1c,-1.5849745078885196
512,g1c,-2.2964622492810056
513,g1c,-2.453343792479454
514,g1c,-4.117428212912694
515,g1c,-0.27575707068515065
516,g1c,-2.0650735579468495
517,g1c,-2.7783800688043323
518,g1c,-2.923974285162565
519,g1c,-1.7245816203074664
520,g1c,-3.2076633038751607
521,g1c,-4.031169150381438
522,g1c,-4.521894395705749
523,g1c,-2.447218413424132
524,g1c,-2.083316473225797
525,g1c,-3.6685548318654466
526,g1c,-1.9978242302735392
527,g1c,-3.608985729166727
528,g1c,-1.2481780504152817
529,g1c,-3.3441483345097778
530,g1c,-3.530858529724064
531,g1c,-2.516467753719805
532,g1c,-4.99749558514965
533,g1c,-2.237538442129537
534,g1c,-3.5682754858829213
535,g1c,-1.8153525859212238
536,g1c,-2.690724561145929
537,g1c,-3.033406792165573
538,g1c,-2.690965947322821
539,g1c,-3.1119691164929195
540,g1c,-2.0386102811299787
541,g1c,-3.2562200594074486
542,g1c,-2.323313468501723
543,g1c,-3.1427193864034715
544,g1c,-2.5786207167011996
545,g1c,-3.7499516082917226
546,g1c,-2.9503791484231408
547,g1c,-2.701886840496788
548,g1c,-2.435677574490209
549,g1c,-3.7244655077364826
550,g1c,-4.098342743751402
551,g1c,-2.596664227968916
552,g1c,-3.9098097359380097
553,g1c,-2.916756760519226
554,g1c,-4.099678468605951
555,g1c,-2.789047070699218
556,g1c,-3.230237539742696
557,g1c,-1.981480660371134
558,g1c,-1.874439073347381
559,g1c,-3.1707965385605155
560,g1c,-2.931646992971762
561,g1c,-1.34059996790447
562,g1c,-3.9785509346671666
563,g1c,-4.540553297163041
564,g1c,-2.6551430028276144
565,g1c,-2.8954248158998035
566,g1c,-4.210451857253889
567,g1c,-4.396812322662862
568,g1c,-2.734388277450586
569,g1c,-1.51801709378077
570,g1c,-3.162031891318432
571,g1c,-2.724745351925231
572,g1c,-4.582958815427215
573,g1c,-3.3783268845810226
574,g1c,-1.8900564550495143
575,g1c,-1.0546084014252084
576,g1c,-0.8138348111338435
577,g1c,-2.0967799634018234
578,g1c,-5.22638076010406
579,g1c,-4.578349744248644
580,g1c,-3.3521843311727597
581,g1c,-2.093509344168806
582,g1c,-3.436735024955329
583,g1c,-2.473947401635293
584,g1c,-0.43791872286568834
585,g1c,-1.6323247651933601
586,g1c,-2.913480100243739
587,g1c,-2.0652904033550876
588,g1c,-3.8497663349536215
589,g1c,-3.0669572253873905
590,g1c,-2.0077519849424994
591,g1c,-3.6480674731423735
592,g1c,-2.1205524256088104
593,g1c,-3.151030546447769
594,g1c,-3.541788963377766
595,g1c,-3.228113646339133
596,g1c,-3.0147277145119773
597,g1c,-0.8347761733597112
598,g1c,-5.801393038938873
599,g1c,-2.147255818180682
600,g1c,-1.4967652129629374
601,g1c,-3.8683237864020112
602,g1c,-2.4037329900696234
603,g1c,-3.8024207982141394
604,g1c,-0.17180379574267596
605,g1c,-1.8712966856054745
606,g1c,-0.7799349120792954
607,g1c,-3.8893351223314707
608,g1c,-1.6239003058875205
609,g1c,-1.9904981465049854
610,g1c,-4.333690953191107
611,g1c,-2.117588189858106
612,g1c,-1.8965325940027702
613,g1c,-1.903645860217637
614,g1c,-2.469114823074431
615,g1c,-3.196014134835893
616,g1c,-4.051135188236101
617,g1c,-2.2442462920889796
618,g1c,-4.920556548970395
619,g1c,0.27355463222891657
620,g1c,-3.0450830517323646
621,g1c,-3.353169554060484
622,g1c,-3.2030522356134323
623,g1c,-1.656721816451845
624,g1c,-4.4106697302811675
625,g1c,-2.709014505384123
626,g1c,-2.3782148432105172
627,g1c,-3.958060317983423
628,g1c,-0.9598655384075585
629,g1c,-3.8378691490649834
630,g1c,-3.318550792647701
631,g1c,-3.5114485322710647
632,g1c,-3.866762606146109
633,g1c,-2.7320140514844145
634,g1c,0.4266247076256334
635,g1c,-2.0205364692812458
636,g1c,-2.532478881324463
637,g1c,-3.739369149792838
638,g1c,-3.2211678283767067
639,g1c,-4.300247265480975
640,g1c,-3.0080610197546727
641,g1c,-1.3305876318500547
642,g1c,-1.7310651281879688
643,g1c,-5.9613578016968525
644,g1c,-2.4835048908566755
645,g1c,-4.5092095872974305
646,g1c,-3.3514278901277237
647,g1c,-2.2065003401714196
648,g1c,-2.091403466434768
649,g1c,-1.7095838079585164
650,g1c,-5.596907733619341
651,g1c,-4.025150325014722
652,g1c,-4.646817194672656
653,g1c,-1.149372354082154
654,g1c,-1.2880440783943954
655,g1c,-2.6708417378909797
656,g1c,-2.84853744517515
657,g1c,-1.8213772665397416
658,g1c,-2.4269534661912404
659,g1c,-0.9472995414860159
660,g1c,-2.2763498959768107
661,g1c,-3.3182783516095036
662,g1c,-2.491539462774381
663,g1c,-3.3828199695795993
664,g1c,-3.0195797468492773
665,g1c,-3.6805770971376615
666,g1c,-2.073831278845653
667,g1c,-1.4709006396016957
668,g1c,-1.6887280991594993
669,g1c,-2.7132970676440396
670,g1c,-2.1914048490523474
671,g1c,-2.5284282276261516
672,g1c,-1.8538447221546586
673,g1c,-3.3959049981198537
674,g1c,-0.6114086279922903
675,g1c,-1.0176117254049142
676,g1c,-2.8487588613945785
677,g1c,-3.1606013870251726
678,g1c,-2.31629716273507
679,g1c,-1.605289639187123
680,g1c,-4.077142725039759
681,g1c,-0.4838707205971692
682,g1c,-3.3569824651940547
683,g1c,-2.6060377921915636
684,g1c,-3.543080699883681
685,g1c,-0.9885448113007246
686,g1c,-4.483319804406855
687,g1c,-3.6353338074951416
688,g1c,-1.4642101298171604
689,g1c,-4.54984257850625
690,g1c,-2.179679505087325
691,g1c,-2.976265845002216
692,g1c,-3.0752167767753593
693,g1c,-1.4078435111599747
694,g1c,-3.895654618130282
695,g1c,-1.9009196170160378
696,g1c,-2.6970360812777083
697,g1c,-3.8093315429141636
698,g1c,0.6647203494910989
699,g1c,-3.617126716879858
700,g1c,-4.4102037135618595
701,g1c,-2.137485362893964
702,g1c,-2.1697354565866647
703,g1c,-0.8079235793826475
704,g1c,-3.464078071855265
705,g1c,-2.223265555671685
706,g1c,-0.98390242810586
707,g1c,-1.9065522692520356
708,g1c,-1.6717866960006311
709,g1c,-2.625818760300887
710,g1c,-2.4492538359024354
711,g1c,-1.539386817881212
712,g1c,-3.8491663358604113
713,g1c,-2.6674150288850695
714,g1c,-3.6707114986457285
715,g1c,-4.593229359959707
716,g1c,-0.8446057898866461
717,g1c,-1.5685091926686545
718,g1c,-1.81492496522192
719,g1c,0.6597018990887971
720,g1c,-3.746903832518571
721,g1c,-3.553640446819488
722,g1c,-4.769469819868926
723,g1c,-1.4350708094182796
724,g1c,-1.4614061079621372
725,g1c,-2.49323179077414
726,g1c,-1.9691111044001137
727,g1c,-2.42486030648888
728,g1c,-1.8100841855034926
729,g1c,-2.2509128604512654
730,g1c,-2.947243262404226
731,g1c,-1.0397085775224262
732,g1c,-3.2482658290809887
733,g1c,-0.8646116753947629
734,g1c,-1.997371197282915
735,g1c,0.39721003505083835
736,g1c,-2.658320573267182
737,g1c,-2.8791933630137287
738,g1c,-2.00869523558032
739,g1c,-3.92214688230217
740,g1c,0.09649267847979098
741,g1c,-0.9132041981495427
742,g1c,-4.341183943675084
743,g1c,-4.135315926412264
744,g1c,-2.1099215888622234
745,g1c,-3.0044783669931805
746,g1c,-1.5639940405130366
747,g1c,-2.835378562983012
748,g1c,-2.5588558481818877
749,g1c,-1.7111658270260943
750,g1c,-1.6189031912909033
751,g1c,-2.6331637642604018
752,g1c,-3.4975743588694175
753,g1c,-2.847962197766954
754,g1c,-3.450730561808029
755,g1c,-3.5699100377126327
756,g1c,-3.2015063089065614
757,g1c,-3.1945584832646468
758,g1c,-3.5197104120582527
759,g1c,-1.558248755216456
760,g1c,-2.7834678041549377
761,g1c,-0.10135539066028489
762,g1c,-2.6146569751951434
763,g1c,-5.410020824137303
764,g1c,-2.726793542355053
765,g1c,-1.4695573088934462
766,g1c,-2.793287202026715
767,g1c,-2.3981293045984877
768,g1c,-2.4008541008718502
769,g1c,-3.5786834369254934
770,g1c,-3.366692209514335
771,g1c,-2.79630568209418
772,g1c,-2.0489309117883017
773,g1c,-3.9778524288229424
774,g1c,-2.1268847461263385
775,g1c,-3.3089850445525086
776,g1c,-2.7673115692288928
777,g1c,-1.4562965292511263
778,g1c,-3.1421096353252764
779,g1c,-2.3779756569305817
780,g1c,-3.0025307644472043
781,g1c,-4.322815796281237
782,g1c,-5.372422987289679
783,g1c,-2.8857323834769653
784,g1c,-2.4492849636187244
785,g1c,-4.67826916233601
786,g1c,-3.8268824807888873
787,g1c,-2.73093798645737
788,g1c,-0.7941846691323656
789,g1c,-3.064487366403951
790,g1c,-1.5167753715418173
791,g1c,-1.708918790548131
792,g1c,-2.368144774274303
793,g1c,-1.9643908420830625
794,g1c,-2.3809384843597647
795,g1c,-2.6321287923328027
796,g1c,-0.7889950385732181
797,g1c,-4.6787881839244365
798,g1c,-3.951154237928036
799,g1c,-2.753679226961709
800,g1c,-3.668243962409957
801,g1c,-2.51072671371485
802,g1c,-2.126185762825211
803,g1c,-0.6816617557095921
804,g1c,-4.12812486525638
805,g1c,-1.8859049839350837
806,g1c,-2.585279875796183
807,g1c,-1.7107356661808362
808,g1c,-3.6884714123235565
809,g1c,-1.5092070008463598
810,g1c,-1.8119815172944311
811,g1c,-4.249610357178587
812,g1c,-3.9606803646400843
813,g1c,-1.9367294061999039
814,g1c,-2.1362362274574695
815,g1c,-2.2936178408911996
816,g1c,-2.7718011682014416
817,g1c,-2.2104895491028973
818,g1c,-1.5676488727279887
819,g1c,-4.1698729653981585
820,g1c,-4.462797062195668
821,g1c,-4.454807662472105
822,g1c,-2.8544672304417484
823,g1c,-2.69573547369702
824,g1c,-3.2455049639557405
825,g1c,-2.1623638146438777
826,g1c,-0.9728905532251428
827,g1c,-3.032160155930886
828,g1c,-2.9651767511630314
829,g1c,-3.582770280793946
830,g1c,-1.7796911233241546
831,g1c,-2.0499060715009274
832,g1c,-2.7610991289647435
833,g1c,-2.71840383556708
834,g1c,-3.110444606008074
835,g1c,-3.5178568134409245
836,g1c,-4.211806622830277
837,g1c,-3.4255238651040294
838,g1c,-2.506511060153409
839,g1c,-3.0356229949451166
840,g1c,-1.727301201950308
841,g1c,-4.611283152119946
842,g1c,-2.230674914161221
843,g1c,-4.363413680884046
844,g1c,-3.0119481601874725
845,g1c,-2.5982732172085656
846,g1c,-1.6078657144536506
847,g1c,-3.2928775253463547
848,g1c,-2.4925842958718265
849,g1c,-2.581536924980954
850,g1c,-1.422043961811572
851,g1c,-3.6522992829717844
852,g1c,-3.6348236308785653
853,g1c,-1.3186152180217945
854,g1c,-3.654439770448223
855,g1c,-2.670833813056776
856,g1c,-3.1715174981001573
857,g1c,-2.7066206055776383
858,g1c,-0.8850326562615379
859,g1c,-0.015168016435525997
860,g1c,-1.8492632176218868
861,g1c,-1.9766683352222985
862,g1c,-1.849493913161211
863,g1c,-2.775232267776364
864,g1c,-2.9609999446589104
865,g1c,-4.36273984946193
866,g1c,-2.150673538556951
867,g1c,-2.046677584297469
868,g1c,-1.8803146167418225
869,g1c,-2.6457922288555076
870,g1c,-3.169536545215524
871,g1c,-3.3434080589256117
872,g1c,-3.172448341900144
873,g1c,-2.350201162279139
874,g1c,-5.334146329757106
875,g1c,-4.536918963133443
876,g1c,-3.3908083150465194
877,g1c,-3.0965436823918298
878,g1c,-2.3445294814958704
879,g1c,-4.740369490458732
880,g1c,-0.2069892113893656
881,g1c,-4.014252874304333
882,g1c,-3.9600423710619714
883,g1c,-2.8219972698678144
884,g1c,-0.2825903643784744
885,g1c,-3.0557383832755063
886,g1c,-3.7438247994554548
887,g1c,-2.2939595069666856
888,g1c,-3.5318287509220645
889,g1c,-2.386798829718284
890,g1c,-1.985834961887512
891,g1c,-2.497864871706199
892,g1c,-3.4694297448716354
893,g1c,-2.8132150810228183
894,g1c,-4.56337390234037
895,g1c,-2.5709447898524003
896,g1c,-2.143491973353285
897,g1c,-2.560330157081552
898,g1c,-1.741533016419701
899,g1c,-2.450622862438727
900,g1c,-3.677417380491022
901,g1c,-2.4550119026428643
902,g1c,-1.37015358248713
903,g1c,-2.4580899335471784
904,g1c,-5.101646684929115
905,g1c,-4.618599007709223
906,g1c,-1.9828282640789903
907,g1c,-3.196407657777357
908,g1c,-3.5253703641557625
909,g1c,-1.1804841308691152
910,g1c,-3.450716834134954
911,g1c,-4.116790924309983
912,g1c,-3.5092604638126903
913,g1c,-3.583329256196912
914,g1c,-3.738571890766802
915,g1c,-3.2506385521001544
916,g1c,-3.870171425940779
917,g1c,-1.7723705831133507
918,g1c,-2.3913895437830015
919,g1c,2.0125158388585076
920,g1c,-2.6217105410053874
921,g1c,-2.32813125514797
922,g1c,-3.7082287023593596
923,g1c,-2.1266634513385894
924,g1c,-3.781647900008097
925,g1c,-3.5261821599322745
926,g1c,-2.1960881555954805
927,g1c,-4.697437718542958
928,g1c,-3.733985131394426
929,g1c,-3.2321543523005736
930,g1c,-3.953921938551955
931,g1c,-1.70028153257683
932,g1c,-3.835153112065892
933,g1c,-1.75303219155312
934,g1c,-3.2964112001634547
935,g1c,-3.3551651938081912
936,g1c,-2.2205811098487938
937,g1c,-2.1802228567210244
938,g1c,-2.4928044620177303
939,g1c,-2.534551037395015
940,g1c,-3.0485307104223573
941,g1c,-2.575746016894998
942,g1c,-3.9330993284488187
943,g1c,-3.2243432092283
944,g1c,-2.22045713305249
945,g1c,-4.177357552322264
946,g1c,-2.5814513876575655
947,g1c,-2.8697425776274694
948,g1c,-2.118739373073808
949,g1c,-4.506556691364967
950,g1c,-2.2546834697531595
951,g1c,-4.376120165466775
952,g1c,-3.8315143834955827
953,g1c,-1.8711534224110378
954,g1c,-2.4315462513641366
955,g1c,-3.615243103319017
956,g1c,-1.956026402129091
957,g1c,-2.133877267359827
958,g1c,-3.6392148467422545
959,g1c,-2.5879842145677303
960,g1c,-3.0790882794767658
961,g1c,-2.816945652793475
962,g1c,-4.417995134634994
963,g1c,-2.880390679286622
964,g1c,-3.3343617823768943
965,g1c,-4.217890835102063
966,g1c,-3.330225470016201
967,g1c,-1.3158201564901713
968,g1c,-2.6772513846944297
969,g1c,-1.9555341204776608
970,g1c,-2.602285913812783
971,g1c,-3.8247060811971925
972,g1c,-2.2526348392860585
973,g1c,-3.9258545534805034
974,g1c,-2.8210698248934576
975,g1c,-5.622922101253585
976,g1c,-3.7023477216668925
977,g1c,-2.8515836117052134
978,g1c,-5.4866755902526565
979,g1c,-1.4899596576840102
980,g1c,-2.576268718195289
981,g1c,-1.6084060835876406
982,g1c,-1.740219104687822
983,g1c,-2.081466173052158
984,g1c,-2.9344720620036995
985,g1c,-1.7677494603327815
986,g1c,-2.9043886375359156
987,g1c,-3.9828641261009454
988,g1c,-2.788065496383926
989,g1c,-2.911071619074532
990,g1c,-3.2109412674808393
991,g1c,-2.970812117673246
992,g1c,-3.3974064548147105
993,g1c,-4.1728784349102455
994,g1c,-2.6307195941312633
995,g1c,-4.210113360928162
996,g1c,-3.5688844988957724
997,g1c,-2.4726343704367366
998,g1c,-2.152777263361352
999,g1c,-2.4468868264395796
0,g2c,-0.3824392959045797
1,g2c,-1.2972211308686776
2,g2c,-2.359563815501482
3,g2c,2.3123323439648766
4,g2c,-2.169774929638759
5,g2c,-1.7542327594136744
6,g2c,-0.44661274326164685
7,g2c,0.5810204036708102
8,g2c,-0.8996067029382147
9,g2c,-1.6551902450129043
10,g2c,-2.2381107434004006
11,g2c,-0.735471452826849
12,g2c,-2.944783320124347
13,g2c,-2.9716574179350532
14,g2c,-1.4779345696960293
15,g2c,-2.3878694228518857
16,g2c,-3.772732102673996
17,g2c,-0.5602601361528597
18,g2c,-0.9079007119182805
19,g2c,-1.9413912259075543
20,g2c,-0.7200319305453502
21,g2c,-1.7870879546418184
22,g2c,-0.22222829129154092
23,g2c,-1.9968729300443022
24,g2c,-2.7020523239127523
25,g2c,-1.22778091305386
26,g2c,-1.402899389059093
27,g2c,-1.8119795349513341
28,g2c,-0.5646475026967502
29,g2c,-3.012121602842541
30,g2c,-0.23532604015804384
31,g2c,-1.534350626490353
32,g2c,1.5695753901952245
33,g2c,-3.398778587029126
34,g2c,1.0238473663285594
35,g2c,-1.7078053483716866
36,g2c,1.1178699795906657
37,g2c,-2.0824441253440544
38,g2c,-3.0068976244490084
39,g2c,0.2956382528670699
40,g2c,-3.40716788962212
41,g2c,-3.0138013739645357
42,g2c,-1.5780828085591987
43,g2c,-1.9082783226409747
44,g2c,-1.3630884466415987
45,g2c,-2.71728552915635
46,g2c,-1.2266631301190947
47,g2c,-3.630573325842419
48,g2c,-2.9974242477573507
49,g2c,-2.260114455976947
50,g2c,-1.3475959579416878
51,g2c,-2.0428757294887454
52,g2c,-1.003406466923601
53,g2c,-0.1238255568213032
54,g2c,-2.7651684157748475
55,g2c,-2.9476187896607473
56,g2c,-2.38319893451531
57,g2c,-0.3296186725666655
58,g2c,-1.2400677271736267
59,g2c,-2.4331282549564
60,g2c,-2.473808510302274
61,g2c,-1.9379325629249429
62,g2c,-2.399884501014741
63,g2c,-3.5539916650784718
64,g2c,-3.3430340923718807
65,g2c,-0.4735059921432041
66,g2c,0.9185366671624209
67,g2c,-3.490591349222169
68,g2c,-3.649311827845852
69,g2c,-0.9447702402452189
70,g2c,-0.7514676190819249
71,g2c,-0.35991199717599104
72,g2c,0.6649197431637701
73,g2c,-3.58618005951343
74,g2c,-0.39119133578340454
75,g2c,-4.1970487536773184
76,g2c,-1.9966562997431467
77,g2c,-0.0008342610093491154
78,g2c,-1.0021398073615078
79,g2c,-0.4858172563617694
80,g2c,-3.3508002750078387
81,g2c,1.5728041165632007
82,g2c,-0.6958736021724278
83,g2c,-2.63566983399944
84,g2c,-1.620968341910129
85,g2c,-0.22172750636854296
86,g2c,-0.2114986397767635
87,g2c,0.970846647483411
88,g2c,-1.09728656836962
89,g2c,-1.835872870666149
90,g2c,-2.3883599645009497
91,g2c,-1.5385268484957206
92,g2c,-0.30794561258877123
93,g2c,-1.8197875893037936
94,g2c,-3.1644059942313714
95,g2c,-0.05239005561900407
96,g2c,-2.3984048676635696
97,g2c,-2.2611575414772354
98,g2c,-2.9065046054235673
99,g2c,-3.064065784944943
100,g2c,-1.407045289455579
101,g2c,-2.431043803905939
102,g2c,-2.6674286997303494
103,g2c,-2.232041766705181
104,g2c,-0.9903045631976105
105,g2c,-2.427204615412448
106,g2c,0.44017462297878823
107,g2c,-2.921082794502111
108,g2c,-4.932087017980491
109,g2c,-0.3161112085503427
110,g2c,-1.4115193959210737
111,g2c,-3.0030947872278118
112,g2c,-0.533625655105405
113,g2c,0.959581439598367
114,g2c,-2.6267621806357866
115,g2c,-2.3383600624522867
116,g2c,-1.5214426823515874
117,g2c,-2.18160494674926
118,g2c,-2.5927819840392625
119,g2c,1.4420753634649615
120,g2c,-2.1163625649915563
121,g2c,-2.2764235199936005
122,g2c,-3.3055553148317514
123,g2c,-3.2220093507471517
124,g2c,-0.6388214801845913
125,g2c,-2.0394449945737056
126,g2c,-2.76206139361156
127,g2c,-1.824858423970928
128,g2c,-1.8431888970068255
129,g2c,-1.6597353757229492
130,g2c,-0.05857908463977094
131,g2c,-0.1440404074513272
132,g2c,0.030584631158047014
133,g2c,-3.1013100325358525
134,g2c,-2.5911167123402348
135,g2c,-0.06556825170607582
136,g2c,-1.5269583645215112
137,g2c,-0.19858930064741115
138,g2c,-1.5631292646207255
139,g2c,-1.6833101061566853
140,g2c,-0.7169501686965062
141,g2c,-3.044915173165328
142,g2c,0.472286870565008
143,g2c,-2.4196821403952278
144,g2c,-1.396792596271592
145,g2c,1.95242672788344
146,g2c,-2.980987251959291
147,g2c,-3.1883220398681136
148,g2c,-3.9024859788306347
149,g2c,-2.0651830462589724
150,g2c,0.9116830241629723
151,g2c,-1.314007050870384
152,g2c,-1.4713915902885943
153,g2c,-2.485262667462461
154,g2c,-2.1286536316539273
155,g2c,-2.7777910522386677
156,g2c,1.3389084320307971
157,g2c,-2.4074452965673587
158,g2c,-0.8457947137779883
159,g2c,-0.2640034210643977
160,g2c,-6.144949677917017
161,g2c,-1.957972879668197
162,g2c,-0.4927843055971951
163,g2c,-0.3221626694526353
164,g2c,-1.9378622796988443
165,g2c,-1.058707617503001
166,g2c,-1.1265858257231949
167,g2c,-2.021807928939704
168,g2c,-0.29252001141338235
169,g2c,-2.2855674561054657
170,g2c,-3.229136577299304
171,g2c,-2.721234196801432
172,g2c,-1.739119713682339
173,g2c,-3.0171509460437362
174,g2c,-2.587255639728724
175,g2c,0.7453708644375543
176,g2c,0.15903455569469074
177,g2c,-5.152106317547157
178,g2c,-2.113092783544966
179,g2c,-1.836348579373522
180,g2c,-2.4732643330134025
181,g2c,-1.439501206072764
182,g2c,-1.1548105950780387
183,g2c,0.967803205379926
184,g2c,0.8786921635548518
185,g2c,-1.6530348866202387
186,g2c,-1.545652412958515
187,g2c,-0.7572131210721985
188,g2c,-1.2468714948643063
189,g2c,1.3375703784607171
190,g2c,-4.545858509550083
191,g2c,-3.6141222999971996
192,g2c,-2.2243626471020757
193,g2c,-2.7115949954029444
194,g2c,-1.7796540382388975
195,g2c,-0.7527065545375915
196,g2c,-0.2272996030049814
197,g2c,-1.569492701926705
198,g2c,-2.42235080174674
199,g2c,-1.6796305361264674
200,g2c,-0.8413946025641431
201,g2c,-2.3212796971263767
202,g2c,-1.2784695540332842
203,g2c,-1.2928564306439034
204,g2c,-1.7017041698317807
205,g2c,-3.6131353201412093
206,g2c,-1.676637542112213
207,g2c,-3.54444711479011
208,g2c,-2.390031361810565
209,g2c,-1.666048016293405
210,g2c,-3.4703182961087857
211,g2c,-0.9900709497927991
212,g2c,-2.066775983444821
213,g2c,-0.3356929358819429
214,g2c,-1.1725439696974826
215,g2c,-0.059347948792660754
216,g2c,-1.1487662680670938
217,g2c,0.01592494032616355
218,g2c,-4.998213265604365
219,g2c,-2.3097900528012536
220,g2c,-2.2970329690109925
221,g2c,-1.1561639130319732
222,g2c,-1.6441970676536628
223,g2c,-1.3910889072206878
224,g2c,-1.3866815858855657
225,g2c,-1.3744398065449643
226,g2c,-1.6752128610833912
227,g2c,2.9374569482150936
228,g2c,1.0044740603083195
229,g2c,-1.9409331211196306
230,g2c,-1.7248777406421938
231,g2c,-0.31159073895490463
232,g2c,-0.5996656914975594
233,g2c,-0.5959317002198522
234,g2c,-2.9263616897798315
235,g2c,-2.703176556873462
236,g2c,0.06904414654173684
237,g2c,0.7448301058695781
238,g2c,0.2839021244365015
239,g2c,-0.7571665138415321
240,g2c,-0.9593754884321567
241,g2c,-5.009292263855717
242,g2c,-1.7785770797586957
243,g2c,-3.4289317155097496
244,g2c,-1.7887734759016922
245,g2c,-0.187175984626818
246,g2c,0.15210016326561737
247,g2c,-2.2892713033548016
248,g2c,-3.732300431264362
249,g2c,-2.6677334443932152
250,g2c,-0.08658692496139986
251,g2c,1.1276347846676598
252,g2c,-1.5345632795774555
253,g2c,-1.4905763787617539
254,g2c,-1.2040076593339357
255,g2c,-2.8752599005817117
256,g2c,-3.211643080586228
257,g2c,-2.36886100330738
258,g2c,-2.3702102496370987
259,g2c,-2.26279731571563
260,g2c,-2.770867420643391
261,g2c,-2.412818426764469
262,g2c,-1.1175339212426998
263,g2c,-2.6376177237617884
264,g2c,1.1321615249301304
265,g2c,0.24878119632597148
266,g2c,-1.338210392325976
267,g2c,-0.41369277861646886
268,g2c,-0.7947651462367816
269,g2c,-0.19765033123652195
270,g2c,-0.9769382628507963
271,g2c,-2.5268915171325115
272,g2c,1.3284780492687365
273,g2c,-0.8439045550750697
274,g2c,-0.1673742887895322
275,g2c,-3.717013692289777
276,g2c,-2.3681420600902023
277,g2c,-0.7164794814445706
278,g2c,-0.8408529646536428
279,g2c,0.42436226463161597
280,g2c,-2.599358358263575
281,g2c,-0.548561373951577
282,g2c,-2.8644261214048576
283,g2c,0.22955697208687986
284,g2c,-2.774925381954732
285,g2c,-1.6681800654464263
286,g2c,-0.17369754353503947
287,g2c,-1.5278684581861603
288,g2c,-2.2561926108914907
289,g2c,-1.0207288974338267
290,g2c,-1.2097752783856535
291,g2c,0.8082908209532093
292,g2c,-1.461776169951334
293,g2c,-2.0410594198888097
294,g2c,-2.4963846149250783
295,g2c,-1.2605546005739936
296,g2c,-1.0173054021278667
297,g2c,-2.7074693950538378
298,g2c,-0.13582623121892065
299,g2c,-0.6067446133154895
300,g2c,-1.5152065299469129
301,g2c,-0.5580370107314773
302,g2c,-1.3471576331374715
303,g2c,-1.2121833030707843
304,g2c,-0.9146949672668142
305,g2c,-3.7266882398495653
306,g2c,-3.046419463852744
307,g2c,-1.2427604366184688
308,g2c,-1.5665892607970058
309,g2c,2.2081621833208334
310,g2c,-0.2252542995151289
311,g2c,-1.718754712629062
312,g2c,-2.7810799680963116
313,g2c,-1.0614193403896566
314,g2c,-0.4735508921546428
315,g2c,-0.2283199152239546
316,g2c,-0.22846000511045872
317,g2c,-0.6874213253411312
318,g2c,-2.37563186594502
319,g2c,2.3561645906125537
320,g2c,-3.1032638422135466
321,g2c,-1.286751535394077
322,g2c,0.23245840574746268
323,g2c,0.24431461965355356
324,g2c,-1.7362724435952654
325,g2c,-0.44358003601708335
326,g2c,-1.00864517548479
327,g2c,0.6962267872053921
328,g2c,-1.456175753157153
329,g2c,-1.4263375797589137
330,g2c,0.2550733112325211
331,g2c,1.3513885736693525
332,g2c,-1.340074680234971
333,g2c,-0.2415886232697855
334,g2c,1.183906852992474
335,g2c,-0.6297811836406308
336,g2c,-1.3975498448730632
337,g2c,-1.4114003524370338
338,g2c,-3.6875318014737895
339,g2c,-2.9816824524345216
340,g2c,-0.6565930070527194
341,g2c,-2.0288188649782204
342,g2c,-1.176737077350847
343,g2c,0.5176010234200084
344,g2c,-2.3759817467935958
345,g2c,-1.8055780960949015
346,g2c,-2.171895219658486
347,g2c,-2.532829080305783
348,g2c,-1.7474912583732098
349,g2c,-0.04753954819206896
350,g2c,-2.0953738010561125
351,g2c,-1.0737941761327305
352,g2c,-4.426577914277179
353,g2c,-0.955530929399367
354,g2c,-2.8659245831091753
355,g2c,-1.9323848718062568
356,g2c,-1.2153772028910006
357,g2c,-0.08630097080820397
358,g2c,-2.0121284210717705
359,g2c,-1.304394638809716
360,g2c,-1.8598287368250996
361,g2c,-2.468554305480205
362,g2c,-1.6368206249563721
363,g2c,-1.0431773723851903
364,g2c,-0.4497357357881488
365,g2c,0.46119529237838447
366,g2c,-1.6660756397976437
367,g2c,2.6356380487293594
368,g2c,-1.8799783104931305
369,g2c,-2.087902490355686
370,g2c,-2.9772122669648584
371,g2c,-2.8112044203561837
372,g2c,-1.7852492906108341
373,g2c,-3.239627935482839
374,g2c,1.303910567120393
375,g2c,-4.101802121549059
376,g2c,-2.9359942715885103
377,g2c,-2.8101479977535835
378,g2c,-3.2647876278850503
379,g2c,-2.481249399781163
380,g2c,-2.278393944502102
381,g2c,-1.38544699641484
382,g2c,1.0419606399154295
383,g2c,1.1231467030741293
384,g2c,-2.281804085824395
385,g2c,-3.8825327492905632
386,g2c,-3.868277556468025
387,g2c,-1.714931892094172
388,g2c,-2.3242877869192666
389,g2c,-0.8946897468600545
390,g2c,1.1459341566418024
391,g2c,-0.4103569682364894
392,g2c,-0.4739818051101357
393,g2c,-1.4101632385180152
394,g2c,-2.8001425126814956
395,g2c,1.3593533380156952
396,g2c,-1.0021006717509804
397,g2c,-2.3905129422313394
398,g2c,-3.431757662050473
399,g2c,-1.57311471141984
400,g2c,-2.032540355451711
401,g2c,0.043959295616879716
402,g2c,-2.20987120031451
403,g2c,-1.4116345277507034
404,g2c,-0.7522090777507744
405,g2c,1.4547732126571993
406,g2c,-0.037383423519287196
407,g2c,-3.1463848217512482
408,g2c,1.4705748709108635
409,g2c,-2.147955345451106
410,g2c,-1.2073619903107964
411,g2c,-2.4860130901569635
412,g2c,1.1451599029047896
413,g2c,-1.2506458721396698
414,g2c,-2.6820990835358165
415,g2c,-2.3302536799340134
416,g2c,-0.8214467289484314
417,g2c,-3.4628350440112903
418,g2c,0.39635050752952067
419,g2c,-2.6341453448883483
420,g2c,-3.5572406416232796
421,g2c,-1.2523677964471769
422,g2c,-3.1652397970035304
423,g2c,-0.6869714196493762
424,g2c,1.5630081035668617
425,g2c,0.22456363386499417
426,g2c,-0.2051610289134407
427,g2c,-0.47553132104377344
428,g2c,-1.3374044002244851
429,g2c,-2.1010756056450033
430,g2c,-3.4684809414356486
431,g2c,-0.7483192633659654
432,g2c,-3.967181600963443
433,g2c,-0.3527668328325505
434,g2c,-1.2505014093576006
435,g2c,-3.2521989242101044
436,g2c,-2.49347156518437
437,g2c,-2.077196068062485
438,g2c,-2.959936336527439
439,g2c,2.9552056155018676
440,g2c,-0.19490324591220237
441,g2c,-1.19385433418874
442,g2c,-1.886946329176173
443,g2c,-2.942018786798101
444,g2c,-4.782812099748654
445,g2c,-4.568341198249927
446,g2c,-4.286454200681077
447,g2c,-0.03829105683918539
448,g2c,-2.8864196135111273
449,g2c,0.2709511959536141
450,g2c,-1.678347818153884
451,g2c,0.40268288457094764
452,g2c,-2.5948007838791383
453,g2c,-1.9363199112755585
454,g2c,-2.889538594872866
455,g2c,-3.7483501702178446
456,g2c,-1.8513866823203566
457,g2c,-2.480309040445233
458,g2c,-3.298318383947792
459,g2c,-3.595814871139185
460,g2c,0.7698672977370921
461,g2c,-2.747057483504849
462,g2c,0.16137125428217847
463,g2c,-0.31388929965729634
464,g2c,0.543373461371609
465,g2c,-3.7687357927288883
466,g2c,-1.8446628985753073
467,g2c,-0.05338986008860622
468,g2c,0.1524275959613813
469,g2c,1.207338673834551
470,g2c,-1.2014861072243843
471,g2c,-1.9483833782734425
472,g2c,0.27725860414873094
473,g2c,-2.35626075721276
474,g2c,-0.5939538588828468
475,g2c,-0.20452127893919053
476,g2c,-2.6691949819251537
477,g2c,-1.5522830286947913
478,g2c,-0.5879198327997274
479,g2c,-0.12423256575496872
480,g2c,-2.6413386235357907
481,g2c,-0.757329267632906
482,g2c,-0.8831509651197184
483,g2c,-3.4465673421525667
484,g2c,-1.1648666936087324
485,g2c,-0.8436242684753338
486,g2c,0.8488930598418797
487,g2c,-0.7105466225089033
488,g2c,0.9398762648027852
489,g2c,-0.7774656229304527
490,g2c,-3.69240661266025
491,g2c,-0.4777424135741622
492,g2c,-1.1305190433975154
493,g2c,-3.6493918504361305
494,g2c,-2.561291913132843
495,g2c,-3.0058651920723265
496,g2c,-1.695478066341013
497,g2c,-3.774997018802011
498,g2c,-2.9519166105345254
499,g2c,-2.486799470459915
500,g2c,-4.210391743825307
501,g2c,-2.412529755449643
502,g2c,-1.2111025556574868
503,g2c,-2.4984344185642096
504,g2c,-1.6911976979960688
505,g2c,1.397551757006595
506,g2c,-2.030547473978513
507,g2c,-1.3276500136274412
508,g2c,-1.4774516728014648
509,g2c,-1.5155575332979867
510,g2c,-0.8795708654649347
511,g2c,-1.5345167616872353
512,g2c,-2.277271923540297
513,g2c,0.3658207789579976
514,g2c,2.265733479853955
515,g2c,-2.8609596161986293
516,g2c,-1.7635379455503561
517,g2c,-2.0887252234779417
518,g2c,-1.6692329790631057
519,g2c,-2.6563955250265616
520,g2c,-1.697326465887856
521,g2c,-2.1664926534839726
522,g2c,-0.62793158266206
523,g2c,0.2762231318022677
524,g2c,-2.10235258067787
525,g2c,2.7744410091150513
526,g2c,1.2443557529015001
527,g2c,-0.24454778676871508
528,g2c,-2.853942474534963
529,g2c,-3.1809964466043783
530,g2c,-3.014021748039723
531,g2c,-2.447543745353169
532,g2c,0.1930382947388811
533,g2c,-1.2246925414397962
534,g2c,-1.3604524373975595
535,g2c,0.8956480777234543
536,g2c,-2.876624493543291
537,g2c,-2.3333773989166433
538,g2c,-2.5052303093104142
539,g2c,-0.6522020611301372
540,g2c,-2.5444644363133526
541,g2c,-2.314237181288423
542,g2c,-0.9628382276211351
543,g2c,0.002181808101801573
544,g2c,-2.24209525957671
545,g2c,-1.6612386613427328
546,g2c,-1.324124477390037
547,g2c,-3.038357500120147
548,g2c,-2.2514975842812004
549,g2c,-0.09451648528930008
550,g2c,-1.2358265638329524
551,g2c,-0.6066662458680532
552,g2c,-0.421231859201889
553,g2c,-0.6662310506673432
554,g2c,-1.4635960617867085
555,g2c,-1.957572845708047
556,g2c,-2.18533925774809
557,g2c,-3.506315687375207
558,g2c,-1.3938919963026954
559,g2c,-1.6521198732837707
560,g2c,-1.782269691708501
561,g2c,-1.0905382645854753
562,g2c,-1.069048463209231
563,g2c,-1.2632526222981428
564,g2c,-2.5445199249295696
565,g2c,-2.36528472929341
566,g2c,-1.7776294636661694
567,g2c,-1.845510345970991
568,g2c,-1.326011282902718
569,g2c,-1.6716745196085332
570,g2c,-1.0854967454342996
571,g2c,-0.42277870077099033
572,g2c,-1.8764875169084303
573,g2c,-0.26869687836545075
574,g2c,-4.17159972323242
575,g2c,-1.8831000751743832
576,g2c,-3.5666796685822284
577,g2c,-3.6260312748978842
578,g2c,-1.2260747352077817
579,g2c,-0.7088663880269755
580,g2c,-0.8160654523467921
581,g2c,-0.1604400035365279
582,g2c,-4.192134688450459
583,g2c,-2.437419134987519
584,g2c,-4.759904395104497
585,g2c,-3.600175389416708
586,g2c,-4.559586407095706
587,g2c,-2.295129155114009
588,g2c,1.4507499537705013
589,g2c,-0.5892541971168763
590,g2c,-1.1240303804338907
591,g2c,-2.6525477837160163
592,g2c,-3.4245967587202304
593,g2c,-2.4195118061845333
594,g2c,-1.4261071802664465
595,g2c,-3.4076449736796706
596,g2c,0.6535275305598014
597,g2c,-1.1858514609373716
598,g2c,-1.2925625744887543
599,g2c,-2.956322356176065
600,g2c,-0.36038181744024045
601,g2c,0.03914051623673803
602,g2c,-2.164419190383032
603,g2c,0.5184484351453773
604,g2c,-3.2105317391155928
605,g2c,-3.0802868396478655
606,g2c,-4.043516734476047
607,g2c,1.178477517974554
608,g2c,-1.79046268241292
609,g2c,-2.3595916401603714
610,g2c,-1.058234915637745
611,g2c,-1.8448601085070249
612,g2c,-3.824816327161345
613,g2c,-0.5916911897491032
614,g2c,-0.3065347267895564
615,g2c,-1.1786488096909662
616,g2c,-0.6776957611450084
617,g2c,-3.178326344771648
618,g2c,-2.6886269030286876
619,g2c,-2.79641224606945
620,g2c,-1.165138851857617
621,g2c,0.3506995055043619
622,g2c,-2.149846738113205
623,g2c,-2.561205578255477
624,g2c,0.037106320050054195
625,g2c,-1.7751393672569455
626,g2c,2.8959369720211994
627,g2c,-0.935002704133174
628,g2c,-3.3719796470853605
629,g2c,-2.157778110954581
630,g2c,-0.21610054732146075
631,g2c,-2.432002944760655
632,g2c,-1.9209997343063168
633,g2c,-1.0253019762780007
634,g2c,-4.3621954387140995
635,g2c,-2.376965958664941
636,g2c,-2.02130135187731
637,g2c,-2.721590194178042
638,g2c,-1.4657120267175192
639,g2c,-1.6498626893712949
640,g2c,-2.34163458972458
641,g2c,-3.7869604150221794
642,g2c,-2.443911406630088
643,g2c,1.4482788697885762
644,g2c,-1.4950114141131892
645,g2c,1.5482855321164577
646,g2c,-3.3243208878015893
647,g2c,-2.3053367312472104
648,g2c,-1.9845423944958416
649,g2c,-1.5804927478789659
650,g2c,1.684470434849468
651,g2c,-0.6376438872562001
652,g2c,-1.4971547706027106
653,g2c,-4.7548493053595156
654,g2c,-3.05232413924749
655,g2c,-0.697904884251885
656,g2c,-0.028608258085803112
657,g2c,-3.772112730722128
658,g2c,-2.9164537544577405
659,g2c,-3.4011094072187693
660,g2c,-0.8816444114651278
661,g2c,-0.44682749690235796
662,g2c,-0.5825794589401627
663,g2c,-1.3550484529987137
664,g2c,-1.7457895264825323
665,g2c,-0.47031002723276466
666,g2c,-2.1301941621377827
667,g2c,-3.8747437072922697
668,g2c,-3.457786312695375
669,g2c,-0.9363663474697737
670,g2c,-1.1393059333029611
671,g2c,-1.6706472599614652
672,g2c,0.5419795168368938
673,g2c,-1.2414635504645717
674,g2c,-3.4637011125176858
675,g2c,-1.5820306611779034
676,g2c,-0.6674166520526387
677,g2c,0.3830569953707671
678,g2c,-3.1562536604935882
679,g2c,-3.7670357243122425
680,g2c,-0.014710295035790676
681,g2c,-2.8440733156952227
682,g2c,-3.435589691863903
683,g2c,-2.0117379967123945
684,g2c,-2.4995808619565776
685,g2c,-1.6890552137296269
686,g2c,-2.4230280892197085
687,g2c,0.6374919337297232
688,g2c,1.0770673708074217
689,g2c,-0.033999657248097365
690,g2c,-4.503955724875245
691,g2c,-1.270365470140444
692,g2c,-0.321553780121067
693,g2c,-3.1776012207700854
694,g2c,-0.7863910002011946
695,g2c,-2.784149237303154
696,g2c,-2.836241345800341
697,g2c,0.6291210480056871
698,g2c,-1.7051451399622741
699,g2c,-1.7161497388517246
700,g2c,-1.4097274258485688
701,g2c,-2.3313396121203485
702,g2c,-2.799743158814468
703,g2c,-5.327108333000982
704,g2c,-0.5111624101763794
705,g2c,-3.3686131659684833
706,g2c,-3.835439869690602
707,g2c,-3.02532243447165
708,g2c,-2.050941534751103
709,g2c,-1.2030684082198926
710,g2c,-3.06176179610574
711,g2c,-1.2198593186909283
712,g2c,-2.544681406395248
713,g2c,-2.631280034827599
714,g2c,-0.6336970988688961
715,g2c,-0.46041569275823785
716,g2c,-1.6144307795419817
717,g2c,-1.3573593204446015
718,g2c,-1.5175167625897263
719,g2c,-3.182992412001843
720,g2c,3.9398645971992976
721,g2c,-0.5099213802178828
722,g2c,0.7770770100636895
723,g2c,-2.8074154677550722
724,g2c,-3.0120176574356115
725,g2c,-4.320906105578069
726,g2c,-0.6562726839303464
727,g2c,-1.1291662275461456
728,g2c,-0.9796316793349796
729,g2c,-3.8165926162976564
730,g2c,-2.0646575807902128
731,g2c,-5.511507753446674
732,g2c,-2.4909798231409184
733,g2c,-3.3127747190440497
734,g2c,-2.21440865276047
735,g2c,-1.4871577274182173
736,g2c,0.19316360238710978
737,g2c,-0.41215623302832705
738,g2c,-4.570085837887064
739,g2c,-0.5993425215418746
740,g2c,-0.2980057344524588
741,g2c,-2.8911749580637287
742,g2c,0.5138126906230647
743,g2c,-3.299902540137129
744,g2c,-2.345122351509834
745,g2c,0.9977907457048792
746,g2c,-2.2724461993342056
747,g2c,-1.2138197880928303
748,g2c,-1.786182474179017
749,g2c,-3.0004216103714176
750,g2c,-2.3114071970710697
751,g2c,-0.664211569217293
752,g2c,-1.1348355023049608
753,g2c,0.8486581328201053
754,g2c,-1.326939957567394
755,g2c,-2.6434852976798116
756,g2c,-1.278192039671469
757,g2c,-4.291767075490136
758,g2c,-1.4505067746299098
759,g2c,-1.7250150545889953
760,g2c,-3.2810194616779724
761,g2c,-2.9225321546243683
762,g2c,-1.0893843971188206
763,g2c,-1.0826523427495744
764,g2c,0.8953072404525925
765,g2c,-1.2942179100539615
766,g2c,-1.8852125751105893
767,g2c,0.5090525144447354
768,g2c,-1.525440937511903
769,g2c,1.0231808841273193
770,g2c,-2.553937526253088
771,g2c,-3.3031556278856895
772,g2c,-1.316425215664929
773,g2c,-2.886256042727326
774,g2c,-0.9116169394926794
775,g2c,-1.964453358541454
776,g2c,0.39951229613243616
777,g2c,-3.496917677052408
778,g2c,-3.818183625374609
779,g2c,-2.5889224587920268
780,g2c,-2.0132669236538603
781,g2c,-0.1319090143834917
782,g2c,0.21587751441516048
783,g2c,-1.1233873081799712
784,g2c,-2.1017054816884504
785,g2c,0.6577137395572324
786,g2c,-3.7602341176073675
787,g2c,0.35664952840852926
788,g2c,-2.835801547643356
789,g2c,-1.9512434874576725
790,g2c,-1.7904555033315315
791,g2c,-1.434323685503351
792,g2c,-0.40834997929275624
793,g2c,-2.0133130281808564
794,g2c,-2.4407816714660706
795,g2c,-0.7316081094992307
796,g2c,-1.165187044960471
797,g2c,-1.218980965887713
798,g2c,-1.6652643112697183
799,g2c,-0.9182215572422529
800,g2c,0.24119507410813323
801,g2c,-3.310409174617855
802,g2c,-0.9474058433179602
803,g2c,-0.33050472430200745
804,g2c,0.28474266220420824
805,g2c,-1.2744027006749659
806,g2c,-1.7992083935324452
807,g2c,-3.11949391044254
808,g2c,-1.793338969786557
809,g2c,-3.3441996116519035
810,g2c,-0.019369838056342136
811,g2c,-0.2065728023953167
812,g2c,-3.267902381709211
813,g2c,0.1574206797762722
814,g2c,-1.434054687806139
815,g2c,-2.7159631836261697
816,g2c,-2.1687395901418034
817,g2c,-0.24685730323407604
818,g2c,-1.2760160871162958
819,g2c,-1.9344401718240345
820,g2c,0.3905841327410041
821,g2c,1.5139847940456537
822,g2c,-3.0583899643036947
823,g2c,-2.5134589204754865
824,g2c,-2.1803643082500233
825,g2c,-1.6322382782278602
826,g2c,-1.477064597603698
827,g2c,-1.3468704631936834
828,g2c,-1.8393626358385435
829,g2c,-1.1960317067114674
830,g2c,0.3980127328486803
831,g2c,-4.0268611723967735
832,g2c,-0.513471648151062
833,g2c,-0.43988557784012783
834,g2c,-0.9360410941387289
835,g2c,-2.247433244697805
836,g2c,-1.9432474594555054
837,g2c,0.44827985334150894
838,g2c,0.4335162107254059
839,g2c,-1.4528686126817278
840,g2c,-2.210968966718966
841,g2c,-1.767256035232165
842,g2c,-0.7528470023815926
843,g2c,1.664205003290387
844,g2c,-0.9089411840082045
845,g2c,-1.7349328669778759
846,g2c,-2.045339106404586
847,g2c,0.9796530014293239
848,g2c,1.1045205771023074
849,g2c,-2.074565845762956
850,g2c,-0.5778538643515507
851,g2c,-0.45571111942194015
852,g2c,-3.5986186902329518
853,g2c,-1.6459515977067365
854,g2c,-3.1763000599337503
855,g2c,-2.545774411334872
856,g2c,-1.447221823280133
857,g2c,-1.6222237396361558
858,g2c,0.18974088130036282
859,g2c,-4.283329447589614
860,g2c,-2.6899424744108593
861,g2c,-2.7763539615132116
862,g2c,-1.7726617450385018
863,g2c,-3.4192562066995635
864,g2c,-1.0305339761011154
865,g2c,0.6951603340854389
866,g2c,-1.975660217772869
867,g2c,-2.7495837367595737
868,g2c,-3.1160430658499836
869,g2c,-1.1917542717907592
870,g2c,1.412902066778071
871,g2c,-3.9658049337273806
872,g2c,-0.5876744109153286
873,g2c,-2.7066531342686417
874,g2c,-2.1312650279636696
875,g2c,-1.9346179815361764
876,g2c,-1.051193269697602
877,g2c,-1.0647009413840771
878,g2c,-0.47168347957839457
879,g2c,-0.025680357633946518
880,g2c,-0.9813697535180174
881,g2c,0.9769140461067419
882,g2c,-1.5536496497277292
883,g2c,-1.7749531795799098
884,g2c,-2.234987263818372
885,g2c,-3.1300891135982
886,g2c,-1.7682340819128697
887,g2c,-1.185769559608604
888,g2c,-2.3468335626503216
889,g2c,-3.385986037996713
890,g2c,-3.628605540866176
891,g2c,-5.606085515130187
892,g2c,-2.284228264303064
893,g2c,-1.019767274684857
894,g2c,-2.162813612642151
895,g2c,-1.3160507949389797
896,g2c,-2.788370171783827
897,g2c,-1.592629000156863
898,g2c,-0.24939677991943326
899,g2c,-1.1108099562918163
900,g2c,-1.578928600948966
901,g2c,-2.9011420164863635
902,g2c,-0.7041286949564013
903,g2c,-0.8428998009915976
904,g2c,-1.710547024334881
905,g2c,-1.4339195713494994
906,g2c,-2.842763005920171
907,g2c,0.9108530949021997
908,g2c,-2.6342548338852625
909,g2c,-2.975256075167317
910,g2c,-0.05662117556784651
911,g2c,1.8334339138324374
912,g2c,-0.6535279855655353
913,g2c,-1.4797978182521416
914,g2c,0.028880247707246308
915,g2c,-4.3680580414054395
916,g2c,-1.0937144718683682
917,g2c,-3.463017454395382
918,g2c,-1.6227070933496408
919,g2c,-3.6312058015087527
920,g2c,-2.3273318142539425
921,g2c,-3.5610828468517517
922,g2c,-0.7486989238588874
923,g2c,-3.207507137956831
924,g2c,0.047229128735101725
925,g2c,-4.306693136097604
926,g2c,0.1876634857957551
927,g2c,1.2888067586596
928,g2c,-0.42598549316963474
929,g2c,-0.30560498690589827
930,g2c,-2.895797673601562
931,g2c,-0.37255706217990103
932,g2c,-1.5308728929775137
933,g2c,0.3518880522590344
934,g2c,-5.146984269525567
935,g2c,-1.904762677456702
936,g2c,0.5431681864145049
937,g2c,-2.928942025674582
938,g2c,-4.039590237757359
939,g2c,-1.3755595460900305
940,g2c,-3.1062691283472033
941,g2c,-1.6212469468870259
942,g2c,-0.2312699594281652
943,g2c,-0.7276790464512352
944,g2c,-1.895964925806723
945,g2c,-1.3831138085750885
946,g2c,-1.9014031108500946
947,g2c,-1.9130780323501377
948,g2c,-2.6856755379484505
949,g2c,-0.7989584358370296
950,g2c,-0.5098553445952286
951,g2c,-0.3456418466477605
952,g2c,-1.1858208163148138
953,g2c,-1.8402775474929334
954,g2c,-1.9086078033875449
955,g2c,-2.1590463279418373
956,g2c,-1.5704671452432453
957,g2c,-4.01377267489537
958,g2c,-0.6622787497860312
959,g2c,-1.1204023176798827
960,g2c,-0.43582224606937947
961,g2c,-2.339047922848901
962,g2c,-3.044178989485937
963,g2c,-1.2604917309231813
964,g2c,-2.641095462678107
965,g2c,0.05018776223192801
966,g2c,-2.6393307953986374
967,g2c,-3.0323204168032407
968,g2c,-1.6005981158919524
969,g2c,-0.7167101466525981
970,g2c,0.8432107717379095
971,g2c,-2.1605862365220956
972,g2c,-2.0794494201877005
973,g2c,-0.03606141851216922
974,g2c,-1.578998677415478
975,g2c,-0.3656534420978958
976,g2c,-1.7565808671335021
977,g2c,-1.7871471101405851
978,g2c,-3.510896955008261
979,g2c,-2.5268718528438865
980,g2c,-0.6612078553655562
981,g2c,-2.041384798406799
982,g2c,-1.7386890122918768
983,g2c,-2.6085925186871846
984,g2c,-0.4813826277133767
985,g2c,-0.8141689108687951
986,g2c,-1.8162223153007142
987,g2c,-1.4266372647046568
988,g2c,-0.04537952141007128
989,g2c,-2.691808582880424
990,g2c,-1.2299183923915427
991,g2c,-1.7097683644588773
992,g2c,-0.5872181433087975
993,g2c,-0.6264291552623851
994,g2c,-1.3910380602888195
995,g2c,-3.2926094171228844
996,g2c,-2.12257280051428
997,g2c,-4.043890107150706
998,g2c,1.5095777104270087
999,g2c,-2.2555242736766443
0,g3a,1.5989452145378722
1,g3a,1.4798501072118342
2,g3a,3.100852794602863
3,g3a,5.631117313553787
4,g3a,1.1197373698854163
5,g3a,4.2157183692440805
6,g3a,1.4966644772321187
7,g3a,-1.7308783208519758
8,g3a,1.6536696214898496
9,g3a,0.7943140886592163
10,g3a,-1.2092051568465663
11,g3a,-1.018819448692353
12,g3a,1.307427096272503
13,g3a,2.8602803316306225
14,g3a,0.08603434607450335
15,g3a,1.0344572094803584
16,g3a,0.4029545647277464
17,g3a,0.6276772653404684
18,g3a,1.51040572999875
19,g3a,0.06547068770639966
20,g3a,-0.20633353049779246
21,g3a,-1.0820275555039773
22,g3a,-1.2374926607182002
23,g3a,2.3414536634752157
24,g3a,0.38639805182198694
25,g3a,-0.5704153842093667
26,g3a,3.002551644722032
27,g3a,0.23840427409635925
28,g3a,2.0702976236588966
29,g3a,1.4596154277953166
30,g3a,0.6780998090375697
31,g3a,1.7237015616783495
32,g3a,0.6570702298359343
33,g3a,2.2795647172687588
34,g3a,-0.514071301321029
35,g3a,0.04232317778292299
36,g3a,1.8921722396166947
37,g3a,-0.4331651883906773
38,g3a,-0.33632916339828706
39,g3a,0.005662994353302346
40,g3a,-1.4777731902358053
41,g3a,-0.6667363671211208
42,g3a,-0.18533760694238308
43,g3a,0.613661782550557
44,g3a,-0.6226201336729952
45,g3a,-0.1843973736053093
46,g3a,0.09775958268799104
47,g3a,0.7008061671183357
48,g3a,1.768823742837877
49,g3a,-0.9191402522284424
50,g3a,-1.19666177665368
51,g3a,0.20823163092495184
52,g3a,1.1530020960138374
53,g3a,-0.10589397977798382
54,g3a,-0.49122108242838447
55,g3a,2.2016260670114214
56,g3a,-2.094268651155584
57,g3a,4.51240510078325
58,g3a,-2.316433878669759
59,g3a,0.5218438636738111
60,g3a,3.371840430107886
61,g3a,1.441825387334248
62,g3a,-0.21446335287061716
63,g3a,1.4758551321300186
64,g3a,1.069261973629558
65,g3a,2.238007751555948
66,g3a,-2.1388187090500663
67,g3a,0.21145890407049203
68,g3a,3.152824525565176
69,g3a,-0.9873553263549429
70,g3a,-1.4641932292091904
71,g3a,-1.1313973033648186
72,g3a,0.07238101112317104
73,g3a,3.2616810495642206
74,g3a,-0.5187423270598936
75,g3a,1.6664505741228697
76,g3a,0.2439617740570472
77,g3a,0.6604963080735078
78,g3a,5.397160852170684
79,g3a,1.3475635294548176
80,g3a,-0.008490248015385395
81,g3a,-0.16876392032225146
82,g3a,-2.373767927406858
83,g3a,-0.5164098096739351
84,g3a,-1.0767995471947192
85,g3a,0.3654004604782644
86,g3a,1.6454900087966606
87,g3a,1.944211441122986
88,g3a,4.250961651773926
89,g3a,-1.4394546120121543
90,g3a,-1.1161724779420017
91,g3a,-1.2747618415200186
92,g3a,1.9963472034021306
93,g3a,0.5691137273264011
94,g3a,2.3704922075891615
95,g3a,-0.06328526362673324
96,g3a,-0.7104728675060907
97,g3a,0.8610560474332508
98,g3a,0.8057578700701684
99,g3a,0.18251040104892893
100,g3a,1.8781460919700788
101,g3a,0.5875697815361491
102,g3a,1.3922352076967337
103,g3a,1.3592439989386795
104,g3a,-1.005818884798462
105,g3a,-1.0098044823482089
106,g3a,1.6015414890588042
107,g3a,-0.09869026830101899
108,g3a,0.0832117263079059
109,g3a,3.566684122859088
110,g3a,0.41864121811728205
111,g3a,1.8629684659553107
112,g3a,1.819170761396708
113,g3a,-1.321066025125226
114,g3a,-0.11747751002343981
115,g3a,0.758755731516537
116,g3a,1.392134535696291
117,g3a,0.4585254736451957
118,g3a,0.581187458076149
119,g3a,0.4170690838183165
120,g3a,0.6388150513089914
121,g3a,0.30272331655294576
122,g3a,0.539653245373812
123,g3a,0.5052473569464153
124,g3a,1.985383397078144
125,g3a,-0.9430249237660502
126,g3a,-0.43793415016489795
127,g3a,0.27151818105534015
128,g3a,0.22174672462063885
129,g3a,-0.9911393033948463
130,g3a,1.3685315366738966
131,g3a,0.9002192222916171
132,g3a,1.3669065563025602
133,g3a,0.3315870134929869
134,g3a,1.6479791485854784
135,g3a,1.5237751499660823
136,g3a,0.29604590351358684
137,g3a,0.3512957396227482
138,g3a,-0.30843253272835264
139,g3a,2.110606048178
140,g3a,-1.4632762426631907
141,g3a,-0.49324470392546277
142,g3a,-0.4107104628912067
143,g3a,-0.009403253752819998
144,g3a,-0.8736092486630315
145,g3a,0.752556344425085
146,g3a,1.328823007021687
147,g3a,1.3846497392550599
148,g3a,1.4494866154063393
149,g3a,-1.4433512924643155
150,g3a,-0.1668671385678597
151,g3a,1.1441608743906637
152,g3a,-0.551975103950527
153,g3a,1.9376361590318152
154,g3a,2.663863331841327
155,g3a,0.9889747165476164
156,g3a,0.7887701345533092
157,g3a,1.0529151200588633
158,g3a,0.13119558586763638
159,g3a,-1.199184544396788
160,g3a,-1.0012306027257167
161,g3a,1.2036414980494812
162,g3a,1.3448331043423205
163,g3a,2.930779233946276
164,g3a,1.584242128295165
165,g3a,-0.8103871017254607
166,g3a,-0.9392650615994091
167,g3a,-0.09680015499475343
168,g3a,-2.6567104374742065
169,g3a,2.19733431491565
170,g3a,1.5544665340311807
171,g3a,1.3255973206782359
172,g3a,-2.1663250663482536
173,g3a,-0.35117891732160633
174,g3a,0.4995458090533019
175,g3a,-0.3007383228791055
176,g3a,3.383957215803355
177,g3a,0.34297882315296196
178,g3a,-1.523541715853563
179,g3a,-0.9922207682915437
180,g3a,1.706696130907836
181,g3a,2.910845106729582
182,g3a,-0.6651259460103087
183,g3a,4.348636498459082
184,g3a,0.8160071796147856
185,g3a,3.0413917062054296
186,g3a,2.1211908499917427
187,g3a,-1.753322759266132
188,g3a,-1.4305427870361649
189,g3a,1.301464753639798
190,g3a,0.9158527188058456
191,g3a,2.5325658889281017
192,g3a,2.1438387065123825
193,g3a,1.641332026892445
194,g3a,0.045477258349803935
195,g3a,-1.0713111925096717
196,g3a,-1.6101811073405998
197,g3a,-0.04411512828462524
198,g3a,-0.38132733864446144
199,g3a,0.949383573050692
200,g3a,0.326574717239154
201,g3a,0.042456775099315225
202,g3a,0.4866110392152508
203,g3a,0.5772579960172852
204,g3a,-1.2897748049205193
205,g3a,-0.6476790561920268
206,g3a,2.215331305343537
207,g3a,0.054205610014044975
208,g3a,0.16843896745707537
209,g3a,-0.9647334847611013
210,g3a,0.6862627479867012
211,g3a,2.0390550812432635
212,g3a,-0.13749953005812812
213,g3a,-1.581059380747031
214,g3a,1.8934944368255988
215,g3a,-0.8559393497290515
216,g3a,-1.4531566849180098
217,g3a,-1.8321561873565635
218,g3a,0.218030961957901
219,g3a,1.7641034962639406
220,g3a,0.2844814689950936
221,g3a,-0.976458808359163
222,g3a,1.2273591199162766
223,g3a,2.029511069135812
224,g3a,1.6102412036617026
225,g3a,-0.5814606042720035
226,g3a,0.28342910467772714
227,g3a,-3.612798087528082
228,g3a,0.6589877188063853
229,g3a,1.6428387131129343
230,g3a,-0.025441848420083537
231,g3a,0.011595358321811787
232,g3a,-0.7226047690765374
233,g3a,0.9880962614824402
234,g3a,-0.1918325213641533
235,g3a,5.73798769274678
236,g3a,1.1153281691627723
237,g3a,0.18324993487703695
238,g3a,-1.626312978607649
239,g3a,0.11756021101561034
240,g3a,-2.761729891067014
241,g3a,0.46461655409220587
242,g3a,0.297571244359196
243,g3a,0.044020991657295526
244,g3a,0.6600616918983531
245,g3a,-1.0431130222301224
246,g3a,1.970818531223384
247,g3a,0.7454196021198481
248,g3a,-1.9340369659556806
249,g3a,0.6771674483218092
250,g3a,0.8254878412077837
251,g3a,-1.2611883873958623
252,g3a,1.0074439906514412
253,g3a,-0.666542362620829
254,g3a,0.37683950691068957
255,g3a,2.23496437860429
256,g3a,1.6846216481911567
257,g3a,0.0936617318858877
258,g3a,-1.2085356278705857
259,g3a,-0.5361213301768435
260,g3a,0.1843998770910199
261,g3a,0.8340775759098983
262,g3a,1.4987206464686214
263,g3a,0.6859607144453708
264,g3a,0.15196949175336938
265,g3a,1.488063943495253
266,g3a,1.4499156938264832
267,g3a,0.10585611122109095
268,g3a,0.6625544010698503
269,g3a,-0.4559114956111535
270,g3a,1.24155661787694
271,g3a,-1.8720766881269213
272,g3a,-0.0408533536032816
273,g3a,-0.8863951586536852
274,g3a,0.47592729312012444
275,g3a,-1.1910958384364583
276,g3a,0.5746847990003329
277,g3a,-0.4669916305052173
278,g3a,0.3357495826074914
279,g3a,0.6210699430117433
280,g3a,-1.4438555246297244
281,g3a,-0.908287918247276
282,g3a,-1.8287306763204854
283,g3a,-0.6146600296407457
284,g3a,0.20069949858404162
285,g3a,3.3160861358400804
286,g3a,1.5373477890440397
287,g3a,0.16276588357419464
288,g3a,0.11329475281300283
289,g3a,0.726372056544151
290,g3a,2.8599164359462166
291,g3a,0.5205391255920357
292,g3a,-1.035103134703132
293,g3a,1.034172942586829
294,g3a,-0.6518334710511221
295,g3a,-2.1609815836130375
296,g3a,-0.9840818716167314
297,g3a,1.2548060653814699
298,g3a,-2.1714903832858
299,g3a,-0.08901683798605345
300,g3a,1.4718733606917445
301,g3a,-1.1050566166912288
302,g3a,-0.1553433429556253
303,g3a,-0.10186010759154845
304,g3a,1.9842780687188302
305,g3a,-0.600211487000651
306,g3a,2.8598132156267653
307,g3a,-0.5890717848240347
308,g3a,4.278445570124489
309,g3a,0.9381214466417853
310,g3a,0.4232722791579783
311,g3a,-2.4031308662121265
312,g3a,0.38609646326676283
313,g3a,-0.9338650465483316
314,g3a,2.53468686253506
315,g3a,0.42689034184988084
316,g3a,-0.1282177264261775
317,g3a,0.7695286177700963
318,g3a,3.919203601745812
319,g3a,0.6007405529848308
320,g3a,0.9424824572635573
321,g3a,-0.5357512374772545
322,g3a,-1.144825986481706
323,g3a,0.027736049208722708
324,g3a,-0.27580396676881896
325,g3a,-0.5013964075487698
326,g3a,1.3258575860333002
327,g3a,-0.7074532460566119
328,g3a,-1.449325212918715
329,g3a,0.8327582645695432
330,g3a,-0.721713789754362
331,g3a,3.0883944912265804
332,g3a,-0.07623964587608749
333,g3a,-0.5624747015926881
334,g3a,1.4023024833407918
335,g3a,0.14443241655553166
336,g3a,-0.9913578525491145
337,g3a,0.5465479496066945
338,g3a,-0.30362473738700446
339,g3a,-0.008735867682541296
340,g3a,-0.9827948783472111
341,g3a,-0.20825183068245512
342,g3a,2.790491511295626
343,g3a,1.8666904029609022
344,g3a,0.49702450475420407
345,g3a,-1.838012743750873
346,g3a,-0.013088766635436429
347,g3a,0.6473997793507313
348,g3a,-0.5581618983677565
349,g3a,-3.1781355420415958
350,g3a,-1.2044054419026922
351,g3a,0.7562005369273668
352,g3a,0.08661107977062873
353,g3a,3.1952005354723987
354,g3a,-0.41031917361201986
355,g3a,3.535197055642623
356,g3a,-0.8519675442364764
357,g3a,-2.664157143994136
358,g3a,0.4643334052851226
359,g3a,1.2249843556222233
360,g3a,-0.5122887700020776
361,g3a,1.22623164168118
362,g3a,-0.08662256350640093
363,g3a,0.5573838479466878
364,g3a,-1.9588035846242287
365,g3a,2.672690994732217
366,g3a,-0.20421501680833834
367,g3a,4.16143164592224
368,g3a,2.416266424403572
369,g3a,-0.016530231131926258
370,g3a,0.2876468097032879
371,g3a,-3.306766714833051
372,g3a,1.8782131891224358
373,g3a,0.01630103971169637
374,g3a,1.9579286368283686
375,g3a,-0.5185539688645119
376,g3a,-1.1223336556901045
377,g3a,0.26449288534961524
378,g3a,0.5900615832655793
379,g3a,-0.8524992393584998
380,g3a,-0.24640851667004318
381,g3a,-0.45673878428208103
382,g3a,0.901740196987045
383,g3a,-0.8528825603967743
384,g3a,2.65875035759659
385,g3a,0.9395234347781335
386,g3a,2.436572991220951
387,g3a,-2.230020089700841
388,g3a,-3.3690595331876443
389,g3a,2.4066214239345483
390,g3a,1.9742405648032944
391,g3a,-0.9573143774295558
392,g3a,0.12336451155156399
393,g3a,1.2718836931158566
394,g3a,-0.52770647820486
395,g3a,-0.42023476212436117
396,g3a,2.596023819032783
397,g3a,-1.1203805851553916
398,g3a,-2.823860784281165
399,g3a,-1.4563376213518768
400,g3a,0.5770811587772531
401,g3a,-1.920238151373001
402,g3a,0.12028362044056513
403,g3a,-0.05825846862978325
404,g3a,-0.4465884605689318
405,g3a,1.4374448356643201
406,g3a,0.6468362704247388
407,g3a,-0.4801506263437045
408,g3a,-1.5562329150271645
409,g3a,-0.26353400693332374
410,g3a,-2.3514483109805733
411,g3a,1.5922658004886443
412,g3a,1.5919004266116956
413,g3a,-0.24560651206827783
414,g3a,1.6259620021017922
415,g3a,-0.3891719018152211
416,g3a,0.06209525934843391
417,g3a,1.4847687774053493
418,g3a,1.4717848892925427
419,g3a,0.13190008977634737
420,g3a,0.3010646868679542
421,g3a,0.23053188536504296
422,g3a,1.279511347888217
423,g3a,0.6036721656785428
424,g3a,2.745888452414135
425,g3a,0.4512643333972866
426,g3a,-2.1765343392121914
427,g3a,-1.2674751442656114
428,g3a,-3.6463488693653887
429,g3a,-0.8183336657803886
430,g3a,2.202190822527649
431,g3a,2.9168812655945207
432,g3a,-0.3015750406547917
433,g3a,-1.40853823060192
434,g3a,0.33988790944599584
435,g3a,-0.9153801509696697
436,g3a,1.188860169092179
437,g3a,1.4893402225498955
438,g3a,1.5509322708234614
439,g3a,4.944605335077566
440,g3a,-0.5815543442707752
441,g3a,0.5790536851520219
442,g3a,1.6635868646104375
443,g3a,1.0757595253209458
444,g3a,0.7653115947669393
445,g3a,0.695162214556815
446,g3a,0.6664449288649746
447,g3a,1.9377035257525572
448,g3a,-0.3709895650898096
449,g3a,0.9188616159578635
450,g3a,1.2495378283728324
451,g3a,-2.062320356050808
452,g3a,3.015478901938943
453,g3a,1.7053872040461475
454,g3a,-0.3511603428197218
455,g3a,0.9634891034499444
456,g3a,0.8126918137675965
457,g3a,0.009301518193956117
458,g3a,0.6276457209484819
459,g3a,4.060569123386616
460,g3a,1.7177434888617138
461,g3a,0.17831941206885857
462,g3a,0.4941800685251766
463,g3a,-1.5639913520980835
464,g3a,-0.004583147005214883
465,g3a,6.04081594871729
466,g3a,-0.7619169144395322
467,g3a,-1.0519229470912936
468,g3a,0.7640193555353256
469,g3a,-0.3709222882002149
470,g3a,0.3518691694369792
471,g3a,-0.657259888544428
472,g3a,-1.0261157463103534
473,g3a,0.4083665849265543
474,g3a,-1.8694628802977322
475,g3a,-0.7275823601718248
476,g3a,0.16978171890032429
477,g3a,0.9088353274716153
478,g3a,-1.7212090402112996
479,g3a,-1.5044898009752243
480,g3a,0.23610333306497572
481,g3a,-1.35821318774401
482,g3a,-3.175092296676217
483,g3a,-0.5439912337416438
484,g3a,2.5254288529453826
485,g3a,2.246369077455983
486,g3a,2.6161006721720406
487,g3a,0.7510624142841935
488,g3a,-0.8619165834917092
489,g3a,1.4352920961285862
490,g3a,1.0153738145698452
491,g3a,1.8079803441964652
492,g3a,-0.9131026719763865
493,g3a,0.6917691067455376
494,g3a,-0.6373731693210745
495,g3a,3.7938279732652247
496,g3a,1.546577406440139
497,g3a,2.2997846340697823
498,g3a,-0.8553534949572212
499,g3a,0.22347447260344766
500,g3a,1.474403402223295
501,g3a,-0.2687061700450147
502,g3a,0.5573397758335138
503,g3a,-1.6180761586225407
504,g3a,1.4792385757929987
505,g3a,1.3131264591265726
506,g3a,1.2079145953008608
507,g3a,1.1645819929702892
508,g3a,-2.4112540454609803
509,g3a,-0.4770060266906048
510,g3a,4.14675094526145
511,g3a,-0.9786122835309327
512,g3a,0.8391049733329553
513,g3a,-0.9606762025450787
514,g3a,0.4759117175518831
515,g3a,-1.2678739296315353
516,g3a,1.267585899385234
517,g3a,0.39892616088645605
518,g3a,-1.654723739311147
519,g3a,1.0455605347021073
520,g3a,-1.2253590909308352
521,g3a,0.47337377352350934
522,g3a,-0.3216536808268782
523,g3a,-0.4257606549347275
524,g3a,-2.2852045188927916
525,g3a,1.036041911734338
526,g3a,-0.7583751345148736
527,g3a,0.737612743034548
528,g3a,0.7555724252887185
529,g3a,-1.1519414573109918
530,g3a,-0.8221326598917066
531,g3a,1.040313514669637
532,g3a,2.4273711870734442
533,g3a,-2.154218821146719
534,g3a,-3.6279490451039984
535,g3a,-2.080891223032676
536,g3a,0.6760315240045702
537,g3a,1.8220783652541501
538,g3a,-0.04029230092905184
539,g3a,-0.7269821735734314
540,g3a,-1.8809838348511883
541,g3a,1.466407131211422
542,g3a,-0.6831348967422315
543,g3a,0.20758101149215763
544,g3a,2.089487015155849
545,g3a,0.5950975180568487
546,g3a,-1.3908709379342359
547,g3a,0.8529981996695969
548,g3a,0.06783339127460172
549,g3a,-1.113771767115306
550,g3a,1.4360272098838398
551,g3a,-0.492215476361349
552,g3a,0.5696200716760049
553,g3a,-0.19578166554167176
554,g3a,1.4173370205573386
555,g3a,-2.647468046024353
556,g3a,1.6915444820414032
557,g3a,-0.7447832355631578
558,g3a,-0.3489144413276334
559,g3a,-0.7920676879606282
560,g3a,-1.0071903265752447
561,g3a,-1.1586132282937303
562,g3a,0.5648576435078694
563,g3a,1.8482962767882198
564,g3a,-0.7843712055872754
565,g3a,-1.504595932597517
566,g3a,2.0419951463255006
567,g3a,2.1212769958121287
568,g3a,1.285924833277327
569,g3a,-0.02475716952107021
570,g3a,1.5070645521950585
571,g3a,-0.5893221467064874
572,g3a,-0.0022516702579029866
573,g3a,-0.3337531663671924
574,g3a,-0.5048150691516134
575,g3a,1.465275142310527
576,g3a,3.248221723230112
577,g3a,-0.3941844159854036
578,g3a,-1.5700071917378895
579,g3a,1.5336613591607318
580,g3a,1.10627701720806
581,g3a,-0.04560616962761451
582,g3a,-0.36928778531841755
583,g3a,2.9588990085168914
584,g3a,3.0156905532779223
585,g3a,-2.72740286090561
586,g3a,1.5789619615138444
587,g3a,-2.153678165166874
588,g3a,-1.127531477388195
589,g3a,0.056049406741987884
590,g3a,-0.05246507277574172
591,g3a,1.106476613744419
592,g3a,-0.7233744564951742
593,g3a,-0.6319574301262691
594,g3a,3.4714318182542216
595,g3a,-0.099182983833859
596,g3a,0.7773053726382113
597,g3a,0.07649443690151198
598,g3a,-0.6152601902936766
599,g3a,1.3448836039525751
600,g3a,-0.17380906396328713
601,g3a,0.9868691062882079
602,g3a,2.4099873616656056
603,g3a,1.9514105528125172
604,g3a,0.6374221948402737
605,g3a,-1.8460038292375176
606,g3a,0.787853351354099
607,g3a,-1.0911588129086864
608,g3a,-0.38139804673802186
609,g3a,-1.3702965421190691
610,g3a,-0.04549592029881711
611,g3a,1.462169654582306
612,g3a,1.14403335601838
613,g3a,-1.1214130369211432
614,g3a,-0.76786224403016
615,g3a,0.9731557962146459
616,g3a,0.7103820794550155
617,g3a,2.434773780782793
618,g3a,2.0373095834926906
619,g3a,-0.25248440560993046
620,g3a,0.7738134337350355
621,g3a,-1.537727500283786
622,g3a,-0.9771993512009282
623,g3a,3.2538332512035275
624,g3a,2.6689825539181946
625,g3a,-0.38514497616659427
626,g3a,-0.176692206504972
627,g3a,2.634496772584176
628,g3a,-1.449955132980311
629,g3a,1.8827123084992603
630,g3a,-0.12417554948623553
631,g3a,0.17410916410789867
632,g3a,2.1842940145547107
633,g3a,0.1949904549070903
634,g3a,0.9659955669538716
635,g3a,0.5439030433986224
636,g3a,1.374355807689743
637,g3a,1.1885051319285083
638,g3a,0.9952686272530835
639,g3a,2.2488214809996387
640,g3a,0.24823737074644947
641,g3a,0.22914818613876553
642,g3a,-1.13698557270085
643,g3a,-1.2899277472193025
644,g3a,0.8450960159990513
645,g3a,2.2457845915479826
646,g3a,-0.3742267403531856
647,g3a,-0.5851449881330656
648,g3a,-0.6240558467664302
649,g3a,0.6653243707712239
650,g3a,0.9894095041588253
651,g3a,-0.1461030866356978
652,g3a,-0.31861476645252534
653,g3a,3.2896414271247383
654,g3a,-0.5481371763898001
655,g3a,0.7492412933625137
656,g3a,-0.06189798267674089
657,g3a,1.275884572354333
658,g3a,-0.3519987121649539
659,g3a,-0.6074870309851633
660,g3a,-0.9029544997376691
661,g3a,0.7676844200207642
662,g3a,0.8357881601334967
663,g3a,-0.40030950280392663
664,g3a,0.09672327712562605
665,g3a,1.8211395663170538
666,g3a,1.5972570724947899
667,g3a,1.2583280352960355
668,g3a,-1.0841184932189751
669,g3a,1.0735971828111215
670,g3a,0.13191368789414568
671,g3a,-1.159391712298438
672,g3a,-0.5786315409548491
673,g3a,-0.3620237567218358
674,g3a,3.311115407560106
675,g3a,-2.0246175555774184
676,g3a,0.17239847396878347
677,g3a,0.8539491942024326
678,g3a,-0.589416430510051
679,g3a,0.22236758067192924
680,g3a,1.2238481450089111
681,g3a,1.004011809274381
682,g3a,2.975132748552429
683,g3a,-0.8916584022353243
684,g3a,1.493896333459551
685,g3a,-0.5594394669680429
686,g3a,0.7980860849792313
687,g3a,0.943458413840253
688,g3a,1.917832307418657
689,g3a,4.040364049681331
690,g3a,2.4645685795072123
691,g3a,-0.2738977133493616
692,g3a,1.613217764873256
693,g3a,0.4066748812731232
694,g3a,3.7122545170994212
695,g3a,-0.8342966979988213
696,g3a,0.2931341768929036
697,g3a,1.2357064718974662
698,g3a,1.0111876532617932
699,g3a,0.3617391205549202
700,g3a,2.8144471321371918
701,g3a,0.6164510020341213
702,g3a,2.814631699545235
703,g3a,1.70557723813206
704,g3a,-0.19425958966478682
705,g3a,-1.3055461087685174
706,g3a,-3.360495975071601
707,g3a,-0.7248787281622773
708,g3a,0.21766984554746063
709,g3a,1.0030777269505813
710,g3a,0.8939280308885058
711,g3a,1.8835825890964164
712,g3a,1.233029101075551
713,g3a,0.4617104429135617
714,g3a,-1.1481840186287309
715,g3a,-1.0894854742538151
716,g3a,1.1949900776165399
717,g3a,-1.121792001361227
718,g3a,1.337336452015026
719,g3a,-0.2571763095300762
720,g3a,0.37978869969944984
721,g3a,0.726061394824104
722,g3a,0.9320669111873435
723,g3a,0.436532986892048
724,g3a,4.073016602105774
725,g3a,0.12730603782299177
726,g3a,-1.8630097688120757
727,g3a,0.2201321474792917
728,g3a,2.2687635932513923
729,g3a,-3.237475149328862
730,g3a,0.9018132081931152
731,g3a,4.395859979551086
732,g3a,-0.5156299062758387
733,g3a,1.3202436502523276
734,g3a,0.37916080904727495
735,g3a,1.467292444238368
736,g3a,-0.2609383737151467
737,g3a,-0.44854027952311215
738,g3a,0.42748829895126517
739,g3a,1.3056742294552701
740,g3a,-0.07955805822231854
741,g3a,0.8096317386863853
742,g3a,0.5211985106892547
743,g3a,4.052979555265937
744,g3a,0.15259520354060213
745,g3a,0.12505773809605703
746,g3a,-0.19908532202996976
747,g3a,-0.9616483864762354
748,g3a,-0.01390680885909413
749,g3a,1.2833771712336324
750,g3a,0.8542640038038333
751,g3a,0.1147162177320624
752,g3a,0.952112481281292
753,g3a,-0.4680080363046189
754,g3a,-0.9367470258161292
755,g3a,-1.320865418732834
756,g3a,1.8081936716396958
757,g3a,3.5580762530863663
758,g3a,1.8925284509467077
759,g3a,-1.1444109061499539
760,g3a,0.5942902848282249
761,g3a,-1.5873527880965836
762,g3a,1.00461013515532
763,g3a,-0.7386779765572113
764,g3a,-0.6808324428341763
765,g3a,-1.2973890949678561
766,g3a,-1.1447803397842704
767,g3a,-2.0885599898792995
768,g3a,1.1901541766164512
769,g3a,-1.2228036428287503
770,g3a,-0.21164605336239595
771,g3a,2.0671965818998004
772,g3a,0.4641996982188869
773,g3a,0.723110417267749
774,g3a,-0.07773687734313771
775,g3a,1.985296936931554
776,g3a,-0.3093523899253665
777,g3a,-1.4539599876666511
778,g3a,-0.580884842204939
779,g3a,0.2901965677326322
780,g3a,-1.5024685863251648
781,g3a,-0.7186125107542218
782,g3a,2.337537679672018
783,g3a,0.8771673870667637
784,g3a,0.046217078184749766
785,g3a,-1.2413228778966103
786,g3a,2.214974917856694
787,g3a,0.4493219918838691
788,g3a,-1.2334168612821215
789,g3a,-0.9481970115658328
790,g3a,-1.215340916499128
791,g3a,-0.5550378590552718
792,g3a,1.5918434436749884
793,g3a,0.7139012538000443
794,g3a,0.4199956807598503
795,g3a,3.2981895108275765
796,g3a,0.23422712886715813
797,g3a,-1.8522650427461818
798,g3a,-0.8333552946132764
799,g3a,0.18372733958399112
800,g3a,-1.3292448234873944
801,g3a,-1.2730530907527358
802,g3a,0.9583789513403882
803,g3a,0.30416073837980895
804,g3a,-0.22351285616217811
805,g3a,-0.8904529944951117
806,g3a,1.4042869731456367
807,g3a,0.06273369670544747
808,g3a,1.4131189905116566
809,g3a,0.7750762938650374
810,g3a,-0.9767811085385091
811,g3a,-0.25043913730895834
812,g3a,2.862265568096661
813,g3a,-0.32172250694021237
814,g3a,-0.0770079730287572
815,g3a,-0.2454467632592011
816,g3a,1.1539212365929403
817,g3a,0.9768353123461085
818,g3a,0.02409066026707027
819,g3a,1.2981462832682265
820,g3a,1.9685660950563892
821,g3a,0.22373589279293665
822,g3a,0.7655663388077922
823,g3a,4.631005563675383
824,g3a,-1.4760566377871573
825,g3a,-1.4718919455464479
826,g3a,1.6588902419341303
827,g3a,0.14215459042856285
828,g3a,2.569696524289036
829,g3a,0.23440197441771865
830,g3a,-1.208203798115205
831,g3a,-0.44594760323264143
832,g3a,-2.156111275469641
833,g3a,1.6270548800100306
834,g3a,-1.089770583820337
835,g3a,2.9313851877339903
836,g3a,-0.06907264411551252
837,g3a,-1.6484812514495237
838,g3a,-1.1976354120571961
839,g3a,0.6693877116443706
840,g3a,-0.6613720829739772
841,g3a,2.174944237532227
842,g3a,-0.10913361480477313
843,g3a,1.5925410877819255
844,g3a,1.1760269363577582
845,g3a,0.8407313702053342
846,g3a,3.138747440650567
847,g3a,-1.6542401160034683
848,g3a,1.3306312708522652
849,g3a,-1.3913389579970132
850,g3a,-2.503434542813091
851,g3a,1.26092050666349
852,g3a,2.353868373455172
853,g3a,-0.8530617883888646
854,g3a,0.6604715879349865
855,g3a,-0.2911747042228592
856,g3a,3.2734241326192945
857,g3a,-0.1769724148284284
858,g3a,-0.9000708941428246
859,g3a,1.1970518576782065
860,g3a,-0.2821516761727575
861,g3a,0.785339235303589
862,g3a,2.168133851204561
863,g3a,3.12645576635504
864,g3a,1.5483871032503997
865,g3a,-0.5006591856712372
866,g3a,0.10306074715778216
867,g3a,2.7251129853317666
868,g3a,1.7248101619404248
869,g3a,-0.27353544631543475
870,g3a,0.05811605510154056
871,g3a,0.673147153003496
872,g3a,0.04501098830394252
873,g3a,-1.5323741581284156
874,g3a,1.1775408242526677
875,g3a,3.191973770132986
876,g3a,0.025580164681015993
877,g3a,0.3415002965505745
878,g3a,1.4568511608746904
879,g3a,1.1211043436244466
880,g3a,3.192600463689886
881,g3a,1.119528664944493
882,g3a,-1.4470118538417942
883,g3a,-0.08770272836057387
884,g3a,-1.9067321528806649
885,g3a,0.7293850339111339
886,g3a,-1.251576331443669
887,g3a,0.07031635036806083
888,g3a,-0.08012626393365932
889,g3a,1.894399323183111
890,g3a,1.906939700380833
891,g3a,2.159239416787131
892,g3a,1.4564024314231925
893,g3a,1.526633002951396
894,g3a,0.6068689078546521
895,g3a,-0.4478870052830881
896,g3a,1.2435766481064294
897,g3a,0.09702931717951528
898,g3a,1.3596245432701293
899,g3a,0.1248054335084836
900,g3a,1.8292465149994603
901,g3a,-0.1662115959896071
902,g3a,-2.946971219421823
903,g3a,0.9913481317353522
904,g3a,1.1413985133847293
905,g3a,1.5820716325212079
906,g3a,-1.126378250187243
907,g3a,1.1156352618081251
908,g3a,0.5769222699353894
909,g3a,2.0363863948626433
910,g3a,0.06370755673808548
911,g3a,4.279191294109589
912,g3a,1.4081467711724875
913,g3a,-0.28870106904538634
914,g3a,-0.557972778613288
915,g3a,-0.5539667509243924
916,g3a,-2.0036355184757015
917,g3a,-0.19682973018927677
918,g3a,-0.3860771079021662
919,g3a,-1.1566696682076159
920,g3a,0.7251884957595942
921,g3a,0.3574763028777038
922,g3a,2.5026096113661964
923,g3a,1.9284759967318472
924,g3a,4.048962849583587
925,g3a,2.087301176642194
926,g3a,-1.237512952665754
927,g3a,0.9715138834772364
928,g3a,-1.8337863354009047
929,g3a,2.1798469058173033
930,g3a,0.8646583819745165
931,g3a,-0.3847517443946528
932,g3a,0.048348174599959264
933,g3a,-1.7423237378486507
934,g3a,5.055157421561609
935,g3a,0.02970231722919049
936,g3a,0.2403302464687598
937,g3a,1.1532601455461478
938,g3a,1.0878290366806191
939,g3a,0.4501616399640909
940,g3a,2.9807599240646643
941,g3a,1.1988873507632314
942,g3a,0.18412068094867753
943,g3a,0.4525875363465846
944,g3a,0.7704471132123524
945,g3a,-0.3274031691112426
946,g3a,1.724567407519123
947,g3a,0.856536651497834
948,g3a,-0.27788370164849663
949,g3a,-0.5713350952961049
950,g3a,0.07637534359151686
951,g3a,1.9703490829993964
952,g3a,1.0566921651520966
953,g3a,-1.9326606007247311
954,g3a,0.3638686895350295
955,g3a,1.4691305131688304
956,g3a,2.3365518564076315
957,g3a,3.0060495143943617
958,g3a,-1.5888272915373616
959,g3a,0.730582012028782
960,g3a,0.41240950543469124
961,g3a,-0.7578438111260024
962,g3a,-1.9112686261300225
963,g3a,-1.1998461806794116
964,g3a,0.1106851396106878
965,g3a,-1.2065341072126776
966,g3a,0.6608364956132851
967,g3a,-0.19072180318877308
968,g3a,1.5945449151833757
969,g3a,-0.44114187700217955
970,g3a,-0.2738760935145858
971,g3a,-0.6344524991195762
972,g3a,-0.43926029617909806
973,g3a,-2.2257451459297313
974,g3a,0.9716862270976462
975,g3a,0.09292963189615988
976,g3a,0.41889266818284704
977,g3a,0.06608594404200395
978,g3a,0.40832490791592113
979,g3a,1.8854638159431658
980,g3a,-1.9133039959280365
981,g3a,1.0151087598150346
982,g3a,0.3966411098829576
983,g3a,0.32650449488585137
984,g3a,5.420501280600782
985,g3a,-0.22556574118509704
986,g3a,3.5662526757599586
987,g3a,3.6071334099600856
988,g3a,-0.8971060452202169
989,g3a,1.6671052367833767
990,g3a,1.5108402587759278
991,g3a,-0.9304156840823499
992,g3a,1.7599416170642421
993,g3a,-0.8234423061074819
994,g3a,-0.6365777800482221
995,g3a,-0.3132323232830737
996,g3a,0.15760403627698807
997,g3a,-1.576877261901478
998,g3a,-1.2123217576409004
999,g3a,1.1086957373436261
